customer_id,last_purchase,recency,frequency,monetary,r_score,f_score,m_score,rfm_score,rfm_total_score
CUST00001,2025-12-13,19,27,14614700,4,5,5,455,14
CUST00002,2025-12-13,19,16,11428800,4,4,5,445,13
CUST00004,2025-05-29,217,6,3279850,1,2,3,123,6
CUST00005,2025-11-10,52,15,10582650,3,4,4,344,11
CUST00006,2025-12-04,28,9,6056100,4,3,4,434,11
CUST00007,2025-11-19,43,12,9159000,3,3,4,334,10
CUST00008,2025-06-24,191,4,3418350,1,1,3,113,5
CUST00009,2024-08-23,496,1,90750,1,1,1,111,3
CUST00010,2024-03-20,652,1,235000,1,1,1,111,3
CUST00012,2025-11-22,40,29,11246750,3,5,5,355,13
CUST00013,2025-11-23,39,10,4790000,3,3,3,333,9
CUST00014,2025-02-20,315,2,1027450,1,1,1,111,3
CUST00015,2025-08-07,147,18,12013950,2,4,5,245,11
CUST00016,2025-12-24,8,16,6395050,5,4,4,544,13
CUST00017,2025-12-11,21,38,20727350,4,5,5,455,14
CUST00018,2025-07-11,174,15,9178850,1,4,4,144,9
CUST00019,2025-12-22,10,62,26446300,5,5,5,555,15
CUST00020,2025-12-26,6,8,2240450,5,3,2,532,10
CUST00021,2025-11-11,51,15,7743100,3,4,4,344,11
CUST00022,2025-12-06,26,23,7127550,4,5,4,454,13
CUST00023,2025-10-03,90,9,10650300,2,3,5,235,10
CUST00024,2025-12-31,1,6,1405600,5,2,2,522,9
CUST00025,2025-12-31,1,20,6276250,5,4,4,544,13
CUST00026,2024-08-30,489,1,679500,1,1,1,111,3
CUST00027,2025-02-22,313,3,1329600,1,1,2,112,4
CUST00028,2025-09-11,112,7,1531600,2,2,2,222,6
CUST00029,2025-12-25,7,39,15718100,5,5,5,555,15
CUST00030,2025-11-29,33,17,4907600,4,4,3,443,11
CUST00031,2025-10-07,86,9,2197550,2,3,2,232,7
CUST00032,2025-09-15,108,4,1214700,2,1,2,212,5
CUST00033,2025-12-02,30,41,20298300,4,5,5,455,14
CUST00034,2025-10-21,72,6,1648750,3,2,2,322,7
CUST00035,2025-11-19,43,4,1271500,3,1,2,312,6
CUST00036,2025-12-29,3,52,17757350,5,5,5,555,15
CUST00037,2025-05-12,234,1,49000,1,1,1,111,3
CUST00038,2025-11-07,55,26,13197050,3,5,5,355,13
CUST00039,2025-11-22,40,9,4903500,3,3,3,333,9
CUST00040,2025-10-05,88,15,15505900,2,4,5,245,11
CUST00041,2025-12-23,9,14,2672400,5,4,2,542,11
CUST00042,2025-11-21,41,15,6161850,3,4,4,344,11
CUST00043,2025-11-28,34,57,23705000,4,5,5,455,14
CUST00044,2025-11-02,60,48,33553350,3,5,5,355,13
CUST00045,2025-06-14,201,1,492100,1,1,1,111,3
CUST00046,2025-07-01,184,20,5105550,1,4,3,143,8
CUST00047,2024-10-14,444,1,70000,1,1,1,111,3
CUST00048,2025-12-25,7,16,6620900,5,4,4,544,13
CUST00049,2025-12-15,17,17,8217100,4,4,4,444,12
CUST00050,2025-10-24,69,2,3357400,3,1,3,313,7
CUST00051,2025-09-27,96,11,19155800,2,3,5,235,10
CUST00052,2025-12-09,23,20,12924950,4,4,5,445,13
CUST00053,2025-11-30,32,12,6260250,4,3,4,434,11
CUST00054,2025-05-26,220,2,429100,1,1,1,111,3
CUST00055,2024-06-22,558,1,5356100,1,1,3,113,5
CUST00056,2025-01-25,341,8,2969200,1,3,2,132,6
CUST00057,2025-10-23,70,9,5412750,3,3,3,333,9
CUST00058,2025-04-05,271,3,656500,1,1,1,111,3
CUST00059,2025-05-23,223,2,192600,1,1,1,111,3
CUST00060,2025-12-31,1,8,5277900,5,3,3,533,11
CUST00061,2025-12-27,5,39,14030100,5,5,5,555,15
CUST00062,2024-09-04,484,1,479750,1,1,1,111,3
CUST00063,2025-11-12,50,6,1862850,3,2,2,322,7
CUST00064,2025-12-10,22,21,8208900,4,4,4,444,12
CUST00065,2025-04-17,259,7,9857250,1,2,4,124,7
CUST00066,2025-12-17,15,23,6918050,4,5,4,454,13
CUST00067,2024-12-02,395,3,871400,1,1,1,111,3
CUST00068,2025-12-15,17,10,8575300,4,3,4,434,11
CUST00069,2025-12-26,6,20,4230450,5,4,3,543,12
CUST00070,2025-12-27,5,49,21313950,5,5,5,555,15
CUST00071,2025-08-23,131,9,3427900,2,3,3,233,8
CUST00072,2025-06-04,211,5,537950,1,2,1,121,4
CUST00074,2025-12-20,12,39,17008050,5,5,5,555,15
CUST00075,2025-12-31,1,20,8685250,5,4,4,544,13
CUST00076,2025-08-29,125,1,78200,2,1,1,211,4
CUST00077,2025-11-16,46,5,1681750,3,2,2,322,7
CUST00078,2025-06-09,206,10,3697850,1,3,3,133,7
CUST00079,2025-12-22,10,24,10687850,5,5,5,555,15
CUST00080,2025-12-16,16,16,4251350,4,4,3,443,11
CUST00081,2025-12-31,1,18,10632500,5,4,5,545,14
CUST00082,2025-09-14,109,9,4510800,2,3,3,233,8
CUST00083,2025-10-13,80,2,268250,2,1,1,211,4
CUST00084,2025-12-18,14,14,6511050,4,4,4,444,12
CUST00085,2025-09-13,110,6,4393950,2,2,3,223,7
CUST00086,2025-02-04,331,1,672000,1,1,1,111,3
CUST00087,2025-12-22,10,33,18738950,5,5,5,555,15
CUST00088,2025-10-27,66,3,667800,3,1,1,311,5
CUST00089,2025-08-18,136,7,2467400,2,2,2,222,6
CUST00090,2025-04-11,265,4,1377700,1,1,2,112,4
CUST00091,2025-09-02,121,7,2492200,2,2,2,222,6
CUST00092,2025-09-27,96,7,4579400,2,2,3,223,7
CUST00093,2025-12-13,19,13,4415600,4,4,3,443,11
CUST00094,2025-11-18,44,12,4846900,3,3,3,333,9
CUST00095,2025-11-11,51,11,6216250,3,3,4,334,10
CUST00096,2025-12-11,21,16,8322150,4,4,4,444,12
CUST00097,2025-12-22,10,14,12712700,5,4,5,545,14
CUST00098,2025-10-21,72,19,4094000,2,4,3,243,9
CUST00099,2025-12-04,28,22,7227800,4,5,4,454,13
CUST00100,2025-05-21,225,5,1252900,1,2,2,122,5
CUST00101,2025-02-04,331,2,282550,1,1,1,111,3
CUST00102,2025-12-07,25,34,15912250,4,5,5,455,14
CUST00103,2025-08-09,145,5,781050,2,2,1,221,5
CUST00104,2025-12-10,22,10,2386350,4,3,2,432,9
CUST00105,2025-01-04,362,7,17470900,1,2,5,125,8
CUST00106,2025-12-29,3,54,30736250,5,5,5,555,15
CUST00107,2025-11-22,40,4,4928200,3,1,3,313,7
CUST00108,2024-06-29,551,4,919700,1,1,1,111,3
CUST00109,2025-09-24,99,8,9955000,2,3,4,234,9
CUST00110,2025-12-05,27,12,12189050,4,3,5,435,12
CUST00111,2025-08-22,132,3,2202000,2,1,2,212,5
CUST00112,2025-11-15,47,5,11493000,3,2,5,325,10
CUST00113,2025-11-22,40,18,8104100,3,4,4,344,11
CUST00114,2025-10-08,85,7,4965550,2,2,3,223,7
CUST00115,2025-12-22,10,4,1716600,5,1,2,512,8
CUST00116,2025-11-11,51,3,399400,3,1,1,311,5
CUST00117,2025-04-21,255,1,219600,1,1,1,111,3
CUST00118,2025-05-11,235,10,3332100,1,3,3,133,7
CUST00119,2025-11-01,61,4,4367150,3,1,3,313,7
CUST00120,2025-06-01,214,1,1064200,1,1,1,111,3
CUST00122,2025-09-07,116,11,4640250,2,3,3,233,8
CUST00123,2025-11-15,47,6,11433650,3,2,5,325,10
CUST00124,2025-12-02,30,27,12710400,4,5,5,455,14
CUST00125,2025-07-05,180,6,2170700,1,2,2,122,5
CUST00126,2025-11-16,46,8,6688400,3,3,4,334,10
CUST00127,2025-02-18,317,2,2315600,1,1,2,112,4
CUST00128,2025-11-27,35,5,3361200,3,2,3,323,8
CUST00130,2025-09-08,115,5,1684350,2,2,2,222,6
CUST00131,2025-12-01,31,3,5011700,4,1,3,413,8
CUST00132,2025-11-12,50,27,18111300,3,5,5,355,13
CUST00133,2025-11-20,42,8,13841950,3,3,5,335,11
CUST00134,2025-12-06,26,20,9730400,4,4,4,444,12
CUST00135,2025-12-17,15,20,7951500,4,4,4,444,12
CUST00136,2025-02-08,327,3,4062350,1,1,3,113,5
CUST00137,2025-10-24,69,13,4823450,3,4,3,343,10
CUST00139,2025-05-05,241,10,5715900,1,3,4,134,8
CUST00140,2025-10-19,74,17,9858850,2,4,4,244,10
CUST00141,2025-11-22,40,18,9270950,3,4,4,344,11
CUST00142,2024-07-26,524,4,1199100,1,1,2,112,4
CUST00143,2025-12-29,3,46,29215600,5,5,5,555,15
CUST00144,2025-09-26,97,17,4277400,2,4,3,243,9
CUST00145,2025-08-04,150,3,583000,2,1,1,211,4
CUST00146,2025-11-08,54,13,6373150,3,4,4,344,11
CUST00147,2025-12-25,7,22,14271500,5,5,5,555,15
CUST00148,2025-12-24,8,2,169700,5,1,1,511,7
CUST00149,2025-06-27,188,5,2843850,1,2,2,122,5
CUST00151,2025-12-10,22,21,9772900,4,4,4,444,12
CUST00152,2025-07-17,168,5,1815900,1,2,2,122,5
CUST00153,2025-06-22,193,3,1326900,1,1,2,112,4
CUST00154,2025-12-01,31,22,13226800,4,5,5,455,14
CUST00155,2025-11-24,38,8,1728750,3,3,2,332,8
CUST00156,2025-11-19,43,26,10135000,3,5,4,354,12
CUST00157,2025-11-08,54,14,8184300,3,4,4,344,11
CUST00158,2024-12-10,387,3,846500,1,1,1,111,3
CUST00159,2025-09-04,119,4,444550,2,1,1,211,4
CUST00160,2025-10-16,77,3,538200,2,1,1,211,4
CUST00161,2025-06-20,195,2,312500,1,1,1,111,3
CUST00163,2025-12-22,10,42,40664250,5,5,5,555,15
CUST00164,2025-10-23,70,14,3151850,3,4,3,343,10
CUST00165,2025-11-08,54,15,8669950,3,4,4,344,11
CUST00166,2025-10-01,92,33,15840400,2,5,5,255,12
CUST00167,2025-05-03,243,4,2828550,1,1,2,112,4
CUST00168,2025-06-20,195,1,499500,1,1,1,111,3
CUST00169,2025-12-22,10,14,8327950,5,4,4,544,13
CUST00171,2025-11-19,43,13,10837800,3,4,5,345,12
CUST00173,2024-05-31,580,2,83800,1,1,1,111,3
CUST00174,2025-12-26,6,6,1657600,5,2,2,522,9
CUST00175,2025-11-25,37,18,13358750,3,4,5,345,12
CUST00176,2025-12-24,8,41,23446100,5,5,5,555,15
CUST00177,2025-12-30,2,13,7485100,5,4,4,544,13
CUST00178,2025-09-19,104,6,1253800,2,2,2,222,6
CUST00179,2025-11-29,33,26,14499500,4,5,5,455,14
CUST00180,2025-09-16,107,2,356850,2,1,1,211,4
CUST00181,2025-09-04,119,3,582800,2,1,1,211,4
CUST00182,2025-06-28,187,8,5188950,1,3,3,133,7
CUST00183,2025-10-22,71,20,8818450,3,4,4,344,11
CUST00184,2025-10-17,76,10,8678250,2,3,4,234,9
CUST00185,2025-09-15,108,9,3097150,2,3,3,233,8
CUST00186,2025-12-18,14,7,2442050,4,2,2,422,8
CUST00187,2025-10-02,91,15,5645900,2,4,3,243,9
CUST00188,2025-11-23,39,4,3394600,3,1,3,313,7
CUST00189,2024-01-17,715,1,86400,1,1,1,111,3
CUST00190,2025-09-20,103,7,1607150,2,2,2,222,6
CUST00191,2025-12-08,24,32,15894200,4,5,5,455,14
CUST00192,2025-08-26,128,5,1666300,2,2,2,222,6
CUST00193,2025-08-10,144,3,1084350,2,1,1,211,4
CUST00194,2025-12-13,19,8,2047650,4,3,2,432,9
CUST00195,2025-11-27,35,10,3537250,3,3,3,333,9
CUST00197,2025-12-20,12,20,8955050,5,4,4,544,13
CUST00198,2025-12-02,30,11,4251900,4,3,3,433,10
CUST00199,2025-10-01,92,9,5402350,2,3,3,233,8
CUST00200,2025-12-28,4,16,5072800,5,4,3,543,12
CUST00201,2025-08-03,151,14,4178750,2,4,3,243,9
CUST00202,2025-02-05,330,1,293400,1,1,1,111,3
CUST00203,2025-05-09,237,11,9057250,1,3,4,134,8
CUST00204,2025-12-30,2,24,9780200,5,5,4,554,14
CUST00205,2025-03-27,280,5,505900,1,2,1,121,4
CUST00206,2025-11-08,54,8,2846400,3,3,2,332,8
CUST00207,2025-10-17,76,7,6941350,2,2,4,224,8
CUST00208,2025-12-24,8,21,5706800,5,4,4,544,13
CUST00209,2025-12-21,11,3,1192200,5,1,1,511,7
CUST00210,2025-12-25,7,11,4640000,5,3,3,533,11
CUST00211,2025-10-31,62,5,1858100,3,2,2,322,7
CUST00212,2025-12-29,3,32,10500200,5,5,4,554,14
CUST00213,2025-05-29,217,3,485900,1,1,1,111,3
CUST00215,2025-12-24,8,17,9452600,5,4,4,544,13
CUST00216,2025-10-13,80,12,1783400,2,3,2,232,7
CUST00217,2025-12-21,11,13,6269850,5,4,4,544,13
CUST00218,2025-12-24,8,22,8353850,5,5,4,554,14
CUST00220,2025-06-20,195,2,647400,1,1,1,111,3
CUST00221,2025-11-05,57,10,4274650,3,3,3,333,9
CUST00222,2025-11-30,32,6,11858500,4,2,5,425,11
CUST00223,2025-09-28,95,11,6247750,2,3,4,234,9
CUST00225,2025-09-12,111,4,3505650,2,1,3,213,6
CUST00226,2025-12-25,7,28,7305550,5,5,4,554,14
CUST00227,2024-12-15,382,2,388800,1,1,1,111,3
CUST00228,2025-10-30,63,6,1042050,3,2,1,321,6
CUST00229,2025-12-22,10,15,2611900,5,4,2,542,11
CUST00230,2025-12-29,3,24,12966150,5,5,5,555,15
CUST00231,2025-12-27,5,12,5811250,5,3,4,534,12
CUST00232,2025-12-25,7,5,960500,5,2,1,521,8
CUST00233,2025-07-15,170,3,268050,1,1,1,111,3
CUST00234,2025-11-18,44,37,15472050,3,5,5,355,13
CUST00235,2025-12-31,1,27,22967400,5,5,5,555,15
CUST00236,2025-03-13,294,6,2740100,1,2,2,122,5
CUST00237,2025-12-28,4,29,6677500,5,5,4,554,14
CUST00240,2025-12-09,23,9,6490950,4,3,4,434,11
CUST00241,2025-12-31,1,12,2607400,5,3,2,532,10
CUST00243,2025-12-04,28,16,5026750,4,4,3,443,11
CUST00244,2024-09-11,477,1,162000,1,1,1,111,3
CUST00245,2025-11-01,61,13,3653350,3,4,3,343,10
CUST00246,2025-12-20,12,15,3039000,5,4,3,543,12
CUST00247,2025-12-16,16,11,14579900,4,3,5,435,12
CUST00248,2024-01-15,717,1,168000,1,1,1,111,3
CUST00249,2025-12-18,14,28,12946700,4,5,5,455,14
CUST00250,2025-09-29,94,2,857000,2,1,1,211,4
CUST00251,2025-08-26,128,3,1288400,2,1,2,212,5
CUST00252,2025-06-26,189,5,665800,1,2,1,121,4
CUST00253,2025-12-06,26,15,3827050,4,4,3,443,11
CUST00254,2025-04-09,267,6,4135500,1,2,3,123,6
CUST00256,2025-12-09,23,17,5029400,4,4,3,443,11
CUST00257,2025-11-04,58,7,1173400,3,2,1,321,6
CUST00258,2025-12-02,30,28,16294050,4,5,5,455,14
CUST00259,2025-11-09,53,14,15160000,3,4,5,345,12
CUST00260,2025-11-28,34,2,144500,4,1,1,411,6
CUST00262,2025-09-22,101,8,7212700,2,3,4,234,9
CUST00263,2024-06-20,560,2,1811700,1,1,2,112,4
CUST00264,2025-09-22,101,12,16761050,2,3,5,235,10
CUST00265,2025-07-06,179,4,1045600,1,1,1,111,3
CUST00266,2025-11-11,51,14,7931600,3,4,4,344,11
CUST00267,2025-12-04,28,10,5304900,4,3,3,433,10
CUST00269,2025-11-22,40,3,1521050,3,1,2,312,6
CUST00270,2025-03-05,302,1,158100,1,1,1,111,3
CUST00271,2025-12-25,7,27,14547050,5,5,5,555,15
CUST00272,2025-12-25,7,14,11605900,5,4,5,545,14
CUST00274,2025-12-06,26,43,16686200,4,5,5,455,14
CUST00275,2025-05-12,234,3,1233600,1,1,2,112,4
CUST00276,2025-04-11,265,3,2378900,1,1,2,112,4
CUST00277,2025-11-08,54,5,3718050,3,2,3,323,8
CUST00278,2025-12-26,6,9,7636950,5,3,4,534,12
CUST00279,2025-08-12,142,18,5022800,2,4,3,243,9
CUST00280,2025-12-24,8,9,3876500,5,3,3,533,11
CUST00281,2025-10-26,67,9,2302550,3,3,2,332,8
CUST00282,2025-08-20,134,9,2231400,2,3,2,232,7
CUST00283,2025-12-26,6,4,984000,5,1,1,511,7
CUST00284,2025-09-11,112,4,1460250,2,1,2,212,5
CUST00285,2025-12-20,12,3,192750,5,1,1,511,7
CUST00286,2025-11-09,53,31,18300150,3,5,5,355,13
CUST00287,2025-05-12,234,3,311600,1,1,1,111,3
CUST00288,2025-12-04,28,24,15397600,4,5,5,455,14
CUST00289,2025-12-09,23,9,4758050,4,3,3,433,10
CUST00290,2025-12-31,1,12,3026300,5,3,2,532,10
CUST00291,2025-10-29,64,13,3823500,3,4,3,343,10
CUST00292,2025-11-21,41,7,3010150,3,2,2,322,7
CUST00293,2024-09-26,462,2,984100,1,1,1,111,3
CUST00294,2025-11-26,36,21,7314550,3,4,4,344,11
CUST00295,2025-11-05,57,12,3788850,3,3,3,333,9
CUST00296,2025-11-16,46,2,427600,3,1,1,311,5
CUST00297,2025-12-18,14,36,17153100,4,5,5,455,14
CUST00298,2025-08-21,133,14,3024850,2,4,2,242,8
CUST00300,2025-02-19,316,5,5695800,1,2,4,124,7
CUST00301,2025-12-03,29,26,18835800,4,5,5,455,14
CUST00302,2025-07-02,183,12,11639150,1,3,5,135,9
CUST00303,2025-10-06,87,10,3648400,2,3,3,233,8
CUST00304,2025-11-06,56,19,12279450,3,4,5,345,12
CUST00305,2025-12-21,11,13,4513200,5,4,3,543,12
CUST00306,2025-09-15,108,15,2698900,2,4,2,242,8
CUST00307,2025-12-17,15,15,9005700,4,4,4,444,12
CUST00308,2025-12-30,2,5,814950,5,2,1,521,8
CUST00309,2025-11-10,52,4,853950,3,1,1,311,5
CUST00310,2024-06-09,571,2,1120800,1,1,1,111,3
CUST00311,2025-07-07,178,4,1137250,1,1,1,111,3
CUST00312,2025-10-05,88,7,3098750,2,2,3,223,7
CUST00313,2025-11-25,37,10,9345200,3,3,4,334,10
CUST00314,2025-12-01,31,33,15944750,4,5,5,455,14
CUST00315,2025-10-16,77,12,4047800,2,3,3,233,8
CUST00316,2025-10-29,64,12,6919350,3,3,4,334,10
CUST00317,2025-01-31,335,1,410000,1,1,1,111,3
CUST00318,2025-12-14,18,8,1774700,4,3,2,432,9
CUST00319,2025-12-04,28,38,17787250,4,5,5,455,14
CUST00320,2025-12-22,10,38,9068750,5,5,4,554,14
CUST00321,2025-12-10,22,8,2578950,4,3,2,432,9
CUST00323,2025-12-25,7,4,3088650,5,1,3,513,9
CUST00324,2025-11-23,39,36,17262850,3,5,5,355,13
CUST00325,2025-12-30,2,13,12485050,5,4,5,545,14
CUST00326,2025-09-22,101,16,6325500,2,4,4,244,10
CUST00327,2025-08-14,140,7,3491800,2,2,3,223,7
CUST00329,2025-12-08,24,8,10404900,4,3,4,434,11
CUST00330,2025-12-23,9,20,4998550,5,4,3,543,12
CUST00331,2025-04-02,274,3,1873700,1,1,2,112,4
CUST00332,2025-11-29,33,24,13682000,4,5,5,455,14
CUST00333,2024-10-26,432,2,208000,1,1,1,111,3
CUST00334,2025-12-29,3,21,17817350,5,4,5,545,14
CUST00335,2025-12-30,2,7,2081050,5,2,2,522,9
CUST00336,2025-05-01,245,2,400050,1,1,1,111,3
CUST00337,2025-12-03,29,7,6026950,4,2,4,424,10
CUST00338,2025-10-05,88,8,2597150,2,3,2,232,7
CUST00339,2025-10-27,66,8,3353400,3,3,3,333,9
CUST00340,2025-07-12,173,12,7281750,1,3,4,134,8
CUST00341,2025-12-25,7,40,15237200,5,5,5,555,15
CUST00342,2025-12-11,21,26,10436750,4,5,4,454,13
CUST00343,2025-12-20,12,24,9997550,5,5,4,554,14
CUST00344,2025-11-06,56,6,3633500,3,2,3,323,8
CUST00345,2025-11-24,38,28,13112550,3,5,5,355,13
CUST00346,2025-12-19,13,36,11954550,5,5,5,555,15
CUST00347,2025-11-27,35,3,1569600,3,1,2,312,6
CUST00348,2025-12-31,1,14,3959200,5,4,3,543,12
CUST00349,2025-11-21,41,14,8947200,3,4,4,344,11
CUST00350,2025-10-04,89,4,1642300,2,1,2,212,5
CUST00351,2025-11-23,39,13,2517450,3,4,2,342,9
CUST00352,2025-12-05,27,15,5685250,4,4,3,443,11
CUST00353,2025-09-29,94,7,8321700,2,2,4,224,8
CUST00354,2025-11-28,34,24,9465600,4,5,4,454,13
CUST00355,2025-05-31,215,2,5469700,1,1,3,113,5
CUST00356,2025-12-20,12,9,2675200,5,3,2,532,10
CUST00357,2025-11-05,57,17,8209500,3,4,4,344,11
CUST00358,2025-12-25,7,30,27221700,5,5,5,555,15
CUST00359,2025-12-31,1,28,15847350,5,5,5,555,15
CUST00360,2025-12-24,8,9,9493800,5,3,4,534,12
CUST00361,2025-10-16,77,5,1177950,2,2,1,221,5
CUST00362,2025-11-30,32,8,4434450,4,3,3,433,10
CUST00363,2025-09-22,101,9,3587600,2,3,3,233,8
CUST00364,2024-03-04,668,1,530400,1,1,1,111,3
CUST00365,2025-12-31,1,42,14140450,5,5,5,555,15
CUST00366,2025-12-28,4,10,4163500,5,3,3,533,11
CUST00367,2024-05-25,586,1,182400,1,1,1,111,3
CUST00368,2025-10-20,73,11,1755900,2,3,2,232,7
CUST00369,2025-12-14,18,4,1698000,4,1,2,412,7
CUST00370,2025-12-18,14,20,9643900,4,4,4,444,12
CUST00371,2025-09-16,107,6,1350300,2,2,2,222,6
CUST00372,2025-12-26,6,20,8280150,5,4,4,544,13
CUST00373,2025-05-22,224,6,2920600,1,2,2,122,5
CUST00374,2025-03-21,286,4,5772200,1,1,4,114,6
CUST00375,2025-11-20,42,18,7535800,3,4,4,344,11
CUST00376,2025-11-18,44,3,3750200,3,1,3,313,7
CUST00377,2025-11-23,39,20,5227800,3,4,3,343,10
CUST00378,2024-12-12,385,1,90750,1,1,1,111,3
CUST00379,2025-12-06,26,25,26725200,4,5,5,455,14
CUST00380,2025-11-06,56,23,8255750,3,5,4,354,12
CUST00381,2025-12-24,8,10,6286250,5,3,4,534,12
CUST00382,2025-12-22,10,25,18650650,5,5,5,555,15
CUST00383,2025-12-24,8,25,11225850,5,5,5,555,15
CUST00384,2025-12-09,23,8,1204500,4,3,2,432,9
CUST00385,2025-10-17,76,10,2560850,2,3,2,232,7
CUST00386,2025-12-19,13,2,234200,5,1,1,511,7
CUST00387,2025-10-24,69,8,1074500,3,3,1,331,7
CUST00388,2025-08-26,128,2,321000,2,1,1,211,4
CUST00389,2025-12-21,11,21,11551700,5,4,5,545,14
CUST00390,2025-12-11,21,14,3615900,4,4,3,443,11
CUST00392,2025-11-28,34,25,5325650,4,5,3,453,12
CUST00393,2025-12-10,22,7,6133800,4,2,4,424,10
CUST00394,2025-12-09,23,71,29701150,4,5,5,455,14
CUST00395,2025-11-23,39,7,2851850,3,2,2,322,7
CUST00396,2025-12-20,12,33,22499550,5,5,5,555,15
CUST00397,2025-01-11,355,3,727000,1,1,1,111,3
CUST00398,2025-12-18,14,8,2411450,4,3,2,432,9
CUST00399,2025-11-04,58,6,7058000,3,2,4,324,9
CUST00401,2025-08-28,126,3,485200,2,1,1,211,4
CUST00402,2025-11-20,42,6,3475600,3,2,3,323,8
CUST00403,2025-11-26,36,11,5187750,3,3,3,333,9
CUST00404,2025-03-31,276,2,2874900,1,1,2,112,4
CUST00405,2025-12-31,1,7,7353900,5,2,4,524,11
CUST00406,2025-10-23,70,4,3500500,3,1,3,313,7
CUST00407,2025-12-11,21,10,2917950,4,3,2,432,9
CUST00408,2025-12-23,9,13,5636800,5,4,3,543,12
CUST00409,2025-11-29,33,5,3227100,4,2,3,423,9
CUST00410,2025-09-10,113,6,1505650,2,2,2,222,6
CUST00411,2025-11-22,40,28,12914800,3,5,5,355,13
CUST00412,2025-10-10,83,13,10280300,2,4,4,244,10
CUST00413,2025-10-01,92,9,1484500,2,3,2,232,7
CUST00414,2025-10-07,86,3,466200,2,1,1,211,4
CUST00415,2025-12-15,17,18,7869800,4,4,4,444,12
CUST00416,2025-07-06,179,11,2752450,1,3,2,132,6
CUST00417,2025-12-10,22,20,12101200,4,4,5,445,13
CUST00418,2025-07-19,166,5,2428000,1,2,2,122,5
CUST00419,2025-12-24,8,7,3291150,5,2,3,523,10
CUST00420,2025-12-18,14,35,26640950,4,5,5,455,14
CUST00421,2025-12-28,4,7,2535600,5,2,2,522,9
CUST00422,2025-03-12,295,1,47500,1,1,1,111,3
CUST00423,2025-10-05,88,10,2449800,2,3,2,232,7
CUST00424,2025-10-23,70,8,3330900,3,3,3,333,9
CUST00425,2025-12-19,13,24,13311850,5,5,5,555,15
CUST00426,2025-12-31,1,9,4089250,5,3,3,533,11
CUST00427,2025-12-25,7,18,7380050,5,4,4,544,13
CUST00428,2025-11-29,33,26,19780650,4,5,5,455,14
CUST00429,2025-12-27,5,14,11134050,5,4,5,545,14
CUST00430,2025-01-12,354,1,70000,1,1,1,111,3
CUST00431,2024-05-12,599,6,1176150,1,2,1,121,4
CUST00432,2025-02-27,308,4,1583600,1,1,2,112,4
CUST00433,2025-06-07,208,15,9033600,1,4,4,144,9
CUST00434,2025-09-13,110,6,948200,2,2,1,221,5
CUST00435,2025-09-18,105,1,57400,2,1,1,211,4
CUST00436,2025-12-09,23,9,5007800,4,3,3,433,10
CUST00437,2025-07-20,165,5,2191000,1,2,2,122,5
CUST00438,2025-12-08,24,5,2617950,4,2,2,422,8
CUST00439,2025-12-15,17,23,11219700,4,5,5,455,14
CUST00440,2025-12-08,24,4,546250,4,1,1,411,6
CUST00441,2025-08-18,136,14,4151050,2,4,3,243,9
CUST00442,2025-09-01,122,11,7124600,2,3,4,234,9
CUST00443,2025-08-27,127,7,8149100,2,2,4,224,8
CUST00444,2025-03-22,285,4,1362000,1,1,2,112,4
CUST00446,2025-11-27,35,13,4107350,3,4,3,343,10
CUST00447,2024-09-28,460,3,340000,1,1,1,111,3
CUST00448,2025-12-12,20,14,2357000,4,4,2,442,10
CUST00449,2025-12-07,25,9,2652450,4,3,2,432,9
CUST00450,2024-09-28,460,1,2007000,1,1,2,112,4
CUST00451,2025-12-07,25,4,219750,4,1,1,411,6
CUST00452,2025-12-26,6,15,6351550,5,4,4,544,13
CUST00453,2025-12-17,15,51,19364000,4,5,5,455,14
CUST00454,2025-10-24,69,12,2947800,3,3,2,332,8
CUST00455,2025-12-09,23,48,20341200,4,5,5,455,14
CUST00456,2025-01-25,341,1,83200,1,1,1,111,3
CUST00457,2025-11-28,34,3,354250,4,1,1,411,6
CUST00458,2025-12-01,31,6,4716100,4,2,3,423,9
CUST00459,2025-11-15,47,12,8016800,3,3,4,334,10
CUST00460,2025-10-11,82,3,1134800,2,1,1,211,4
CUST00461,2025-09-05,118,8,1541250,2,3,2,232,7
CUST00462,2025-12-27,5,4,796000,5,1,1,511,7
CUST00463,2025-11-15,47,23,15790600,3,5,5,355,13
CUST00464,2025-11-02,60,14,3311100,3,4,3,343,10
CUST00465,2025-12-21,11,72,24144800,5,5,5,555,15
CUST00466,2024-12-06,391,4,910800,1,2,1,121,4
CUST00467,2025-12-21,11,24,16308650,5,5,5,555,15
CUST00468,2025-12-02,30,32,13164700,4,5,5,455,14
CUST00469,2025-11-26,36,22,11882600,3,5,5,355,13
CUST00470,2025-11-07,55,5,1317050,3,2,2,322,7
CUST00471,2025-12-10,22,5,2611850,4,2,2,422,8
CUST00472,2025-11-29,33,21,10085750,4,4,4,444,12
CUST00473,2025-07-20,165,6,701800,1,2,1,121,4
CUST00474,2025-08-07,147,2,1817100,2,1,2,212,5
CUST00475,2025-12-22,10,9,2469950,5,3,2,532,10
CUST00476,2025-12-14,18,24,21933250,4,5,5,455,14
CUST00478,2025-12-31,1,19,6615950,5,4,4,544,13
CUST00480,2025-12-17,15,23,9469750,4,5,4,454,13
CUST00481,2025-08-29,125,12,10882900,2,3,5,235,10
CUST00482,2025-12-05,27,2,229450,4,1,1,411,6
CUST00483,2025-12-01,31,21,5201600,4,4,3,443,11
CUST00484,2025-11-21,41,6,1347400,3,2,2,322,7
CUST00485,2025-12-06,26,3,1394350,4,1,2,412,7
CUST00486,2025-07-09,176,6,2188250,1,2,2,122,5
CUST00487,2025-12-19,13,21,11920200,5,4,5,545,14
CUST00488,2024-07-27,523,1,48800,1,1,1,111,3
CUST00490,2025-06-01,214,7,6557050,1,2,4,124,7
CUST00491,2025-12-29,3,28,9076200,5,5,4,554,14
CUST00492,2025-04-27,249,16,4474300,1,4,3,143,8
CUST00493,2025-03-01,306,7,2532450,1,2,2,122,5
CUST00494,2025-05-21,225,4,3169100,1,2,3,123,6
CUST00495,2025-12-22,10,6,1580450,5,2,2,522,9
CUST00496,2025-12-08,24,4,1564800,4,2,2,422,8
CUST00497,2025-12-26,6,5,5521600,5,2,3,523,10
CUST00498,2025-12-28,4,13,3879450,5,4,3,543,12
CUST00499,2025-11-06,56,26,11448550,3,5,5,355,13
CUST00500,2024-12-18,379,2,368000,1,1,1,111,3
CUST00501,2025-10-19,74,5,563900,2,2,1,221,5
CUST00502,2025-12-23,9,6,2495850,5,2,2,522,9
CUST00503,2025-12-13,19,16,4767350,4,4,3,443,11
CUST00504,2025-04-16,260,2,241000,1,1,1,111,3
CUST00505,2025-12-02,30,26,7476750,4,5,4,454,13
CUST00506,2025-10-01,92,5,4161250,2,2,3,223,7
CUST00507,2025-12-20,12,3,1319500,5,1,2,512,8
CUST00508,2024-12-25,372,2,2591400,1,1,2,112,4
CUST00509,2024-04-13,628,1,134400,1,1,1,111,3
CUST00510,2025-12-29,3,23,13806700,5,5,5,555,15
CUST00511,2025-11-10,52,11,3450850,3,3,3,333,9
CUST00512,2025-12-25,7,25,19424800,5,5,5,555,15
CUST00513,2025-10-22,71,9,6422700,3,3,4,334,10
CUST00514,2025-12-12,20,28,6880250,4,5,4,454,13
CUST00515,2025-11-19,43,13,6080200,3,4,4,344,11
CUST00516,2025-11-02,60,5,688400,3,2,1,321,6
CUST00517,2025-12-15,17,40,22623350,4,5,5,455,14
CUST00518,2025-03-18,289,5,647750,1,2,1,121,4
CUST00519,2025-08-17,137,10,5935750,2,3,4,234,9
CUST00520,2025-12-27,5,27,11295050,5,5,5,555,15
CUST00521,2025-08-24,130,10,5156400,2,3,3,233,8
CUST00522,2025-07-28,157,5,3035550,2,2,3,223,7
CUST00523,2025-10-11,82,9,2826250,2,3,2,232,7
CUST00524,2025-06-14,201,11,7098400,1,3,4,134,8
CUST00525,2025-09-11,112,2,1162200,2,1,1,211,4
CUST00526,2025-10-11,82,18,17411250,2,4,5,245,11
CUST00527,2025-08-11,143,2,992250,2,1,1,211,4
CUST00528,2025-11-07,55,8,2891150,3,3,2,332,8
CUST00529,2025-04-25,251,3,1678400,1,1,2,112,4
CUST00530,2025-12-20,12,17,13460650,5,4,5,545,14
CUST00531,2025-07-08,177,4,887700,1,2,1,121,4
CUST00532,2025-07-22,163,9,2023350,1,3,2,132,6
CUST00533,2025-12-29,3,23,8113300,5,5,4,554,14
CUST00534,2025-12-10,22,41,21588400,4,5,5,455,14
CUST00535,2025-07-28,157,5,1741050,2,2,2,222,6
CUST00536,2025-12-02,30,5,7635850,4,2,4,424,10
CUST00537,2025-12-14,18,36,13776400,4,5,5,455,14
CUST00538,2025-09-20,103,5,2098900,2,2,2,222,6
CUST00540,2024-11-30,397,1,54000,1,1,1,111,3
CUST00541,2025-11-15,47,11,2302400,3,3,2,332,8
CUST00542,2025-04-23,253,4,546750,1,2,1,121,4
CUST00543,2025-12-18,14,25,14000250,4,5,5,455,14
CUST00544,2024-09-01,487,2,423600,1,1,1,111,3
CUST00545,2025-12-04,28,40,19714650,4,5,5,455,14
CUST00546,2024-04-03,638,2,399750,1,1,1,111,3
CUST00548,2025-07-21,164,6,4991800,1,2,3,123,6
CUST00549,2025-06-09,206,14,5183150,1,4,3,143,8
CUST00550,2025-10-20,73,22,12551650,2,5,5,255,12
CUST00551,2025-12-26,6,12,3250450,5,3,3,533,11
CUST00552,2025-12-30,2,33,11420850,5,5,5,555,15
CUST00553,2025-07-26,159,6,881400,2,2,1,221,5
CUST00554,2025-10-15,78,7,2542900,2,2,2,222,6
CUST00555,2025-11-04,58,5,3345450,3,2,3,323,8
CUST00557,2025-10-20,73,26,14041250,2,5,5,255,12
CUST00558,2025-12-14,18,27,20542650,4,5,5,455,14
CUST00559,2025-12-03,29,5,1712600,4,2,2,422,8
CUST00560,2025-10-23,70,3,903150,3,1,1,311,5
CUST00561,2025-08-09,145,12,8480550,2,3,4,234,9
CUST00562,2025-12-26,6,44,20928600,5,5,5,555,15
CUST00563,2025-10-22,71,10,4874150,3,3,3,333,9
CUST00564,2025-11-04,58,18,18941200,3,4,5,345,12
CUST00565,2025-10-08,85,18,4148700,2,4,3,243,9
CUST00567,2025-10-24,69,5,2810600,3,2,2,322,7
CUST00568,2025-12-11,21,18,5372050,4,4,3,443,11
CUST00569,2025-08-02,152,2,612400,2,1,1,211,4
CUST00570,2025-09-06,117,23,10549300,2,5,4,254,11
CUST00571,2025-04-24,252,1,136000,1,1,1,111,3
CUST00572,2025-11-21,41,7,5127600,3,2,3,323,8
CUST00573,2025-12-24,8,24,7183150,5,5,4,554,14
CUST00574,2025-11-19,43,8,6446900,3,3,4,334,10
CUST00575,2025-11-30,32,13,4615500,4,4,3,443,11
CUST00576,2025-12-02,30,47,25262750,4,5,5,455,14
CUST00577,2025-11-26,36,16,8794900,3,4,4,344,11
CUST00578,2025-10-23,70,8,4615200,3,3,3,333,9
CUST00579,2025-11-07,55,27,10221650,3,5,4,354,12
CUST00580,2025-09-07,116,5,1115250,2,2,1,221,5
CUST00581,2025-10-27,66,9,4068850,3,3,3,333,9
CUST00582,2025-09-20,103,9,5548200,2,3,3,233,8
CUST00583,2025-04-23,253,7,3578850,1,2,3,123,6
CUST00584,2025-06-22,193,1,178500,1,1,1,111,3
CUST00585,2025-10-23,70,8,1468450,3,3,2,332,8
CUST00586,2025-12-10,22,3,5544150,4,1,3,413,8
CUST00587,2024-04-13,628,1,115200,1,1,1,111,3
CUST00588,2025-06-09,206,10,5254800,1,3,3,133,7
CUST00589,2025-10-01,92,21,18357650,2,4,5,245,11
CUST00590,2025-11-23,39,4,5032000,3,2,3,323,8
CUST00591,2025-12-25,7,47,13381150,5,5,5,555,15
CUST00592,2025-12-23,9,17,4599750,5,4,3,543,12
CUST00593,2025-12-31,1,12,6753650,5,3,4,534,12
CUST00594,2025-12-12,20,24,8526150,4,5,4,454,13
CUST00596,2025-11-26,36,28,9900650,3,5,4,354,12
CUST00597,2025-11-09,53,7,5275600,3,2,3,323,8
CUST00598,2025-12-22,10,34,19408900,5,5,5,555,15
CUST00599,2025-12-01,31,61,40272100,4,5,5,455,14
CUST00600,2025-12-11,21,21,6772100,4,4,4,444,12
CUST00601,2025-12-18,14,17,10308750,4,4,4,444,12
CUST00602,2025-12-25,7,17,7015250,5,4,4,544,13
CUST00603,2025-11-12,50,8,1160000,3,3,1,331,7
CUST00604,2025-08-27,127,17,10368850,2,4,4,244,10
CUST00605,2024-02-24,677,2,1339000,1,1,2,112,4
CUST00606,2025-12-05,27,35,18496150,4,5,5,455,14
CUST00607,2025-06-29,186,16,10673300,1,4,5,145,10
CUST00608,2025-12-25,7,25,11143350,5,5,5,555,15
CUST00609,2025-11-17,45,10,6862400,3,3,4,334,10
CUST00610,2025-10-14,79,3,1494000,2,1,2,212,5
CUST00611,2024-02-14,687,1,38000,1,1,1,111,3
CUST00612,2025-09-27,96,3,978100,2,1,1,211,4
CUST00613,2025-12-16,16,7,2629350,4,2,2,422,8
CUST00614,2025-12-04,28,14,8039750,4,4,4,444,12
CUST00615,2025-08-09,145,8,5387450,2,3,3,233,8
CUST00616,2025-12-16,16,9,6316400,4,3,4,434,11
CUST00617,2025-12-31,1,24,13506950,5,5,5,555,15
CUST00618,2025-12-14,18,9,2867650,4,3,2,432,9
CUST00619,2025-11-26,36,20,9944000,3,4,4,344,11
CUST00620,2025-12-21,11,11,7372150,5,3,4,534,12
CUST00621,2025-11-05,57,9,4932600,3,3,3,333,9
CUST00622,2025-06-25,190,3,810000,1,1,1,111,3
CUST00623,2025-11-13,49,7,4493450,3,2,3,323,8
CUST00625,2025-10-22,71,3,682800,3,1,1,311,5
CUST00626,2025-12-28,4,38,19549500,5,5,5,555,15
CUST00627,2025-10-16,77,2,109000,2,1,1,211,4
CUST00628,2025-10-19,74,15,7956450,2,4,4,244,10
CUST00629,2025-10-01,92,3,382350,2,1,1,211,4
CUST00630,2025-07-20,165,19,11968650,1,4,5,145,10
CUST00631,2025-09-15,108,15,10677150,2,4,5,245,11
CUST00632,2025-04-02,274,2,251150,1,1,1,111,3
CUST00633,2025-12-27,5,23,14988150,5,5,5,555,15
CUST00634,2025-12-20,12,18,12571600,5,4,5,545,14
CUST00635,2025-04-28,248,4,6454050,1,2,4,124,7
CUST00636,2025-10-21,72,11,4239850,2,3,3,233,8
CUST00637,2024-10-15,443,3,2484400,1,1,2,112,4
CUST00638,2025-12-24,8,18,3486450,5,4,3,543,12
CUST00639,2025-10-13,80,5,1638550,2,2,2,222,6
CUST00640,2025-12-25,7,13,6727900,5,4,4,544,13
CUST00641,2025-09-29,94,6,1074100,2,2,1,221,5
CUST00642,2025-12-21,11,32,12942800,5,5,5,555,15
CUST00643,2025-12-30,2,50,23885750,5,5,5,555,15
CUST00644,2025-12-13,19,20,15935800,4,4,5,445,13
CUST00645,2025-12-24,8,19,2908700,5,4,2,542,11
CUST00646,2024-07-27,523,4,8052950,1,2,4,124,7
CUST00647,2025-03-30,277,4,225300,1,2,1,121,4
CUST00648,2025-06-23,192,5,911550,1,2,1,121,4
CUST00649,2025-09-13,110,8,1146800,2,3,1,231,6
CUST00650,2025-09-27,96,9,5056700,2,3,3,233,8
CUST00651,2025-12-23,9,20,9569050,5,4,4,544,13
CUST00652,2024-01-14,718,1,27900,1,1,1,111,3
CUST00653,2025-08-12,142,7,2472550,2,2,2,222,6
CUST00655,2025-11-21,41,21,7261450,3,4,4,344,11
CUST00656,2025-12-11,21,8,4019900,4,3,3,433,10
CUST00657,2025-12-18,14,25,9607750,4,5,4,454,13
CUST00659,2025-09-10,113,2,260400,2,1,1,211,4
CUST00660,2025-12-31,1,9,2994550,5,3,2,532,10
CUST00661,2025-12-01,31,61,25883050,4,5,5,455,14
CUST00662,2025-05-19,227,1,301600,1,1,1,111,3
CUST00663,2025-12-27,5,12,4755850,5,3,3,533,11
CUST00664,2025-12-21,11,21,4988600,5,4,3,543,12
CUST00665,2025-12-02,30,20,6505200,4,4,4,444,12
CUST00666,2025-07-23,162,4,1774300,1,2,2,122,5
CUST00667,2025-11-16,46,3,642150,3,1,1,311,5
CUST00668,2025-09-07,116,8,3894650,2,3,3,233,8
CUST00669,2025-12-16,16,26,12396600,4,5,5,455,14
CUST00670,2025-12-27,5,12,5112450,5,3,3,533,11
CUST00673,2025-12-30,2,18,9913100,5,4,4,544,13
CUST00674,2025-11-23,39,2,2832600,3,1,2,312,6
CUST00675,2025-03-01,306,1,313000,1,1,1,111,3
CUST00676,2025-11-03,59,11,7243600,3,3,4,334,10
CUST00677,2025-12-01,31,25,5823200,4,5,4,454,13
CUST00678,2025-11-26,36,32,8411950,3,5,4,354,12
CUST00679,2025-07-04,181,1,162000,1,1,1,111,3
CUST00681,2025-12-28,4,7,4373850,5,2,3,523,10
CUST00682,2025-12-26,6,12,6287400,5,3,4,534,12
CUST00683,2025-09-12,111,2,491600,2,1,1,211,4
CUST00684,2025-08-29,125,5,2372200,2,2,2,222,6
CUST00685,2025-11-23,39,10,2782450,3,3,2,332,8
CUST00686,2025-11-17,45,9,11920450,3,3,5,335,11
CUST00687,2025-12-12,20,30,12562450,4,5,5,455,14
CUST00689,2025-12-23,9,18,19308250,5,4,5,545,14
CUST00690,2025-10-11,82,13,6393550,2,4,4,244,10
CUST00691,2025-11-23,39,10,5169650,3,3,3,333,9
CUST00692,2025-06-24,191,4,1281800,1,2,2,122,5
CUST00693,2025-12-10,22,19,16482450,4,4,5,445,13
CUST00694,2025-03-08,299,1,31450,1,1,1,111,3
CUST00695,2025-12-08,24,20,10233750,4,4,4,444,12
CUST00696,2025-11-15,47,25,9677300,3,5,4,354,12
CUST00697,2025-11-29,33,13,5409800,4,4,3,443,11
CUST00698,2025-11-01,61,2,71100,3,1,1,311,5
CUST00699,2025-11-02,60,28,15543000,3,5,5,355,13
CUST00701,2025-12-26,6,17,4252550,5,4,3,543,12
CUST00702,2025-12-22,10,74,26156000,5,5,5,555,15
CUST00703,2025-12-21,11,11,4961950,5,3,3,533,11
CUST00704,2025-12-22,10,21,6284850,5,4,4,544,13
CUST00705,2024-09-25,463,1,364000,1,1,1,111,3
CUST00707,2025-04-16,260,6,2314550,1,2,2,122,5
CUST00708,2025-11-20,42,4,920200,3,2,1,321,6
CUST00709,2025-12-29,3,12,6179800,5,3,4,534,12
CUST00710,2025-01-18,348,2,348250,1,1,1,111,3
CUST00711,2025-12-06,26,11,4900700,4,3,3,433,10
CUST00712,2025-12-02,30,19,5733250,4,4,4,444,12
CUST00713,2025-12-27,5,17,4047600,5,4,3,543,12
CUST00714,2025-03-28,279,4,945300,1,2,1,121,4
CUST00715,2025-10-01,92,12,5280100,2,3,3,233,8
CUST00716,2024-12-19,378,4,2697250,1,2,2,122,5
CUST00717,2025-10-29,64,12,3823350,3,3,3,333,9
CUST00718,2025-11-17,45,18,5783600,3,4,4,344,11
CUST00719,2025-11-21,41,8,6956700,3,3,4,334,10
CUST00720,2025-10-23,70,5,1848650,3,2,2,322,7
CUST00721,2025-12-04,28,8,4072200,4,3,3,433,10
CUST00722,2025-11-19,43,25,5756300,3,5,4,354,12
CUST00723,2025-12-23,9,37,14172400,5,5,5,555,15
CUST00724,2025-12-29,3,3,1239150,5,1,2,512,8
CUST00725,2025-11-18,44,19,6692350,3,4,4,344,11
CUST00726,2025-12-20,12,9,5154450,5,3,3,533,11
CUST00727,2025-11-23,39,23,16857350,3,5,5,355,13
CUST00728,2025-06-21,194,3,1121250,1,1,1,111,3
CUST00729,2025-12-06,26,22,10741950,4,5,5,455,14
CUST00730,2025-07-02,183,6,1897400,1,2,2,122,5
CUST00731,2025-08-08,146,3,1209100,2,1,2,212,5
CUST00732,2025-11-15,47,18,6516700,3,4,4,344,11
CUST00733,2025-12-19,13,35,13666600,5,5,5,555,15
CUST00734,2025-12-16,16,18,18058400,4,4,5,445,13
CUST00735,2025-05-15,231,5,1816900,1,2,2,122,5
CUST00736,2025-12-05,27,13,4832050,4,4,3,443,11
CUST00737,2024-12-26,371,1,344000,1,1,1,111,3
CUST00738,2025-12-11,21,25,10985750,4,5,5,455,14
CUST00739,2025-12-28,4,66,43092250,5,5,5,555,15
CUST00740,2025-12-17,15,6,1976100,4,2,2,422,8
CUST00741,2025-12-08,24,31,9191450,4,5,4,454,13
CUST00742,2025-08-19,135,9,3173350,2,3,3,233,8
CUST00743,2025-04-22,254,2,1279850,1,1,2,112,4
CUST00744,2025-12-05,27,1,417600,4,1,1,411,6
CUST00745,2025-12-11,21,30,10399800,4,5,4,454,13
CUST00746,2025-11-20,42,10,5537600,3,3,3,333,9
CUST00747,2025-10-16,77,5,595000,2,2,1,221,5
CUST00748,2025-11-11,51,9,1988000,3,3,2,332,8
CUST00749,2025-12-14,18,14,9154200,4,4,4,444,12
CUST00750,2025-12-16,16,5,2813700,4,2,2,422,8
CUST00751,2025-06-09,206,5,1127350,1,2,1,121,4
CUST00752,2025-10-16,77,7,3222000,2,2,3,223,7
CUST00753,2025-11-14,48,5,833600,3,2,1,321,6
CUST00754,2025-05-22,224,7,639900,1,2,1,121,4
CUST00755,2025-10-17,76,9,8880000,2,3,4,234,9
CUST00756,2025-11-16,46,25,14562200,3,5,5,355,13
CUST00757,2025-12-26,6,67,25041500,5,5,5,555,15
CUST00758,2024-08-20,499,2,143050,1,1,1,111,3
CUST00760,2025-09-22,101,11,3127650,2,3,3,233,8
CUST00761,2025-04-13,263,2,444400,1,1,1,111,3
CUST00762,2025-02-09,326,5,1414850,1,2,2,122,5
CUST00763,2025-12-01,31,21,7620550,4,4,4,444,12
CUST00764,2025-11-10,52,10,2670600,3,3,2,332,8
CUST00766,2025-07-09,176,7,2194200,1,2,2,122,5
CUST00767,2025-10-07,86,6,1687200,2,2,2,222,6
CUST00768,2025-08-24,130,6,3702400,2,2,3,223,7
CUST00769,2025-12-20,12,24,10424400,5,5,4,554,14
CUST00770,2025-11-05,57,21,20135750,3,4,5,345,12
CUST00771,2025-05-31,215,9,3502950,1,3,3,133,7
CUST00772,2025-12-25,7,57,28976200,5,5,5,555,15
CUST00773,2025-05-28,218,2,1151300,1,1,1,111,3
CUST00774,2025-08-01,153,8,3060300,2,3,3,233,8
CUST00775,2025-11-27,35,12,5110950,3,3,3,333,9
CUST00777,2025-12-24,8,14,4013700,5,4,3,543,12
CUST00779,2025-08-13,141,2,354650,2,1,1,211,4
CUST00780,2025-11-12,50,5,1601900,3,2,2,322,7
CUST00782,2025-12-13,19,11,5322650,4,3,3,433,10
CUST00783,2025-12-03,29,5,3981800,4,2,3,423,9
CUST00784,2025-12-13,19,9,2694100,4,3,2,432,9
CUST00785,2025-10-27,66,16,10617800,3,4,4,344,11
CUST00786,2025-11-04,58,7,1530300,3,2,2,322,7
CUST00787,2025-04-17,259,13,3205650,1,4,3,143,8
CUST00788,2025-11-08,54,13,4075700,3,4,3,343,10
CUST00789,2025-12-23,9,6,1316900,5,2,2,522,9
CUST00790,2025-10-15,78,12,3047900,2,3,3,233,8
CUST00791,2024-07-15,535,1,19550,1,1,1,111,3
CUST00792,2025-09-30,93,10,7542900,2,3,4,234,9
CUST00793,2025-03-31,276,2,198400,1,1,1,111,3
CUST00794,2025-12-23,9,31,10639150,5,5,5,555,15
CUST00795,2025-09-01,122,7,918950,2,2,1,221,5
CUST00796,2025-08-01,153,7,1644300,2,2,2,222,6
CUST00797,2025-11-29,33,12,6547300,4,3,4,434,11
CUST00798,2025-12-26,6,29,14904950,5,5,5,555,15
CUST00799,2025-10-17,76,4,729000,2,2,1,221,5
CUST00800,2025-06-24,191,2,886500,1,1,1,111,3
CUST00801,2025-12-09,23,12,4047900,4,3,3,433,10
CUST00802,2025-12-27,5,7,2586500,5,2,2,522,9
CUST00803,2025-12-14,18,13,6672500,4,4,4,444,12
CUST00804,2025-11-07,55,18,7285850,3,4,4,344,11
CUST00806,2025-12-30,2,20,14375700,5,4,5,545,14
CUST00807,2025-10-07,86,5,1819400,2,2,2,222,6
CUST00808,2025-11-02,60,6,961450,3,2,1,321,6
CUST00809,2025-08-31,123,10,7303100,2,3,4,234,9
CUST00810,2025-12-28,4,2,5950500,5,1,4,514,10
CUST00811,2025-09-12,111,5,784000,2,2,1,221,5
CUST00812,2025-01-30,336,2,2645250,1,1,2,112,4
CUST00813,2025-12-31,1,24,7072350,5,5,4,554,14
CUST00814,2025-02-07,328,3,649300,1,1,1,111,3
CUST00815,2025-06-07,208,1,2626400,1,1,2,112,4
CUST00816,2024-07-09,541,1,78000,1,1,1,111,3
CUST00817,2025-11-18,44,15,8211850,3,4,4,344,11
CUST00818,2025-08-02,152,4,2496450,2,2,2,222,6
CUST00819,2025-12-09,23,5,1487000,4,2,2,422,8
CUST00820,2025-11-03,59,14,2821800,3,4,2,342,9
CUST00821,2025-12-26,6,6,2006800,5,2,2,522,9
CUST00823,2025-09-17,106,12,6370100,2,3,4,234,9
CUST00824,2025-12-13,19,10,3161850,4,3,3,433,10
CUST00825,2025-11-08,54,8,4429300,3,3,3,333,9
CUST00826,2025-12-21,11,25,9320400,5,5,4,554,14
CUST00828,2025-10-20,73,8,6381650,2,3,4,234,9
CUST00829,2025-12-29,3,69,31163450,5,5,5,555,15
CUST00830,2025-11-21,41,13,9249300,3,4,4,344,11
CUST00831,2025-12-22,10,23,19360450,5,5,5,555,15
CUST00832,2025-12-16,16,16,11718050,4,4,5,445,13
CUST00833,2025-10-18,75,18,4135350,2,4,3,243,9
CUST00834,2025-12-29,3,28,12512300,5,5,5,555,15
CUST00835,2025-12-18,14,27,12217900,4,5,5,455,14
CUST00836,2025-11-22,40,31,11564050,3,5,5,355,13
CUST00837,2024-12-08,389,2,127250,1,1,1,111,3
CUST00838,2025-12-29,3,11,6552750,5,3,4,534,12
CUST00839,2025-07-08,177,6,2481100,1,2,2,122,5
CUST00840,2025-11-02,60,22,16639850,3,5,5,355,13
CUST00841,2025-12-17,15,12,11554500,4,3,5,435,12
CUST00842,2025-05-25,221,3,266900,1,1,1,111,3
CUST00843,2025-11-10,52,34,23307350,3,5,5,355,13
CUST00844,2025-05-02,244,4,1712550,1,2,2,122,5
CUST00845,2025-09-13,110,6,10892700,2,2,5,225,9
CUST00846,2025-12-28,4,35,12375950,5,5,5,555,15
CUST00847,2025-08-10,144,7,5521450,2,2,3,223,7
CUST00848,2025-07-28,157,3,1660200,2,1,2,212,5
CUST00849,2025-12-20,12,4,1187350,5,2,1,521,8
CUST00850,2025-11-06,56,4,1862100,3,2,2,322,7
CUST00851,2025-12-29,3,20,14026550,5,4,5,545,14
CUST00852,2025-12-21,11,9,4714300,5,3,3,533,11
CUST00853,2025-04-28,248,7,2522450,1,2,2,122,5
CUST00854,2025-10-24,69,15,7133200,3,4,4,344,11
CUST00855,2025-12-10,22,12,6711050,4,3,4,434,11
CUST00856,2025-10-17,76,6,4826300,2,2,3,223,7
CUST00857,2025-11-26,36,15,5400200,3,4,3,343,10
CUST00858,2025-07-24,161,3,998600,1,1,1,111,3
CUST00859,2025-12-25,7,1,190000,5,1,1,511,7
CUST00860,2025-12-31,1,1,61750,5,1,1,511,7
CUST00861,2025-12-05,27,9,5986950,4,3,4,434,11
CUST00862,2025-07-31,154,1,1336000,2,1,2,212,5
CUST00863,2025-12-10,22,5,1221500,4,2,2,422,8
CUST00864,2025-09-03,120,9,4751400,2,3,3,233,8
CUST00865,2025-11-06,56,32,15694550,3,5,5,355,13
CUST00866,2025-09-22,101,10,2171050,2,3,2,232,7
CUST00867,2025-09-09,114,1,815400,2,1,1,211,4
CUST00868,2025-09-28,95,5,2512000,2,2,2,222,6
CUST00869,2025-10-29,64,27,6988250,3,5,4,354,12
CUST00870,2025-07-31,154,7,1014150,2,2,1,221,5
CUST00871,2025-12-19,13,36,18544850,5,5,5,555,15
CUST00872,2025-12-30,2,6,4833750,5,2,3,523,10
CUST00873,2025-12-14,18,16,5357100,4,4,3,443,11
CUST00874,2025-11-06,56,9,9741000,3,3,4,334,10
CUST00875,2025-12-18,14,22,6606450,4,5,4,454,13
CUST00876,2025-12-19,13,44,27035050,5,5,5,555,15
CUST00877,2025-08-03,151,9,1815800,2,3,2,232,7
CUST00878,2025-12-31,1,10,4390400,5,3,3,533,11
CUST00879,2025-12-06,26,24,13432250,4,5,5,455,14
CUST00880,2025-12-04,28,11,5089250,4,3,3,433,10
CUST00882,2025-10-13,80,7,1749850,2,2,2,222,6
CUST00883,2025-12-05,27,11,5422100,4,3,3,433,10
CUST00884,2025-12-31,1,29,7943700,5,5,4,554,14
CUST00885,2025-12-31,1,10,5698750,5,3,4,534,12
CUST00886,2025-12-29,3,2,322200,5,1,1,511,7
CUST00887,2025-11-20,42,9,2626300,3,3,2,332,8
CUST00888,2025-12-26,6,38,16373200,5,5,5,555,15
CUST00889,2025-07-20,165,2,1336000,1,1,2,112,4
CUST00890,2025-10-10,83,3,1205400,2,1,2,212,5
CUST00891,2025-09-10,113,5,940150,2,2,1,221,5
CUST00893,2025-07-04,181,7,2015750,1,2,2,122,5
CUST00894,2025-09-08,115,10,2332250,2,3,2,232,7
CUST00895,2024-05-29,582,1,378000,1,1,1,111,3
CUST00896,2025-10-27,66,4,2709300,3,2,2,322,7
CUST00897,2025-02-19,316,7,2065200,1,2,2,122,5
CUST00898,2025-09-20,103,20,9134800,2,4,4,244,10
CUST00899,2025-12-24,8,30,19288700,5,5,5,555,15
CUST00900,2025-12-20,12,18,7210850,5,4,4,544,13
CUST00901,2025-12-24,8,9,3730500,5,3,3,533,11
CUST00902,2024-01-20,712,1,34000,1,1,1,111,3
CUST00903,2025-07-22,163,4,4474750,1,2,3,123,6
CUST00904,2025-10-07,86,16,3158050,2,4,3,243,9
CUST00905,2025-09-24,99,7,1108050,2,2,1,221,5
CUST00906,2025-08-05,149,2,167750,2,1,1,211,4
CUST00907,2025-11-25,37,21,13369050,3,4,5,345,12
CUST00908,2025-12-03,29,29,8006450,4,5,4,454,13
CUST00909,2025-08-14,140,2,211800,2,1,1,211,4
CUST00910,2025-09-07,116,12,3048900,2,3,3,233,8
CUST00911,2025-06-04,211,2,306200,1,1,1,111,3
CUST00912,2025-10-03,90,3,1433100,2,1,2,212,5
CUST00913,2025-09-19,104,3,760600,2,1,1,211,4
CUST00914,2025-11-14,48,3,5913500,3,1,4,314,8
CUST00915,2025-06-28,187,7,4192500,1,2,3,123,6
CUST00916,2025-12-31,1,7,931300,5,2,1,521,8
CUST00917,2025-11-30,32,3,1428500,4,1,2,412,7
CUST00918,2025-10-20,73,5,1309950,2,2,2,222,6
CUST00919,2025-09-27,96,15,6510700,2,4,4,244,10
CUST00920,2025-09-11,112,5,686800,2,2,1,221,5
CUST00921,2025-10-12,81,12,4430600,2,3,3,233,8
CUST00922,2025-11-13,49,4,1604300,3,2,2,322,7
CUST00923,2025-08-17,137,3,723900,2,1,1,211,4
CUST00924,2025-12-20,12,44,18192550,5,5,5,555,15
CUST00925,2024-12-31,366,3,452800,1,1,1,111,3
CUST00926,2025-12-08,24,41,21781350,4,5,5,455,14
CUST00927,2025-12-17,15,24,6535900,4,5,4,454,13
CUST00928,2025-12-20,12,2,774450,5,1,1,511,7
CUST00929,2025-11-22,40,27,16337500,3,5,5,355,13
CUST00930,2025-05-28,218,5,1903200,1,2,2,122,5
CUST00931,2025-04-23,253,3,473850,1,1,1,111,3
CUST00932,2025-12-12,20,17,7639600,4,4,4,444,12
CUST00933,2025-11-17,45,18,4903100,3,4,3,343,10
CUST00934,2025-10-17,76,15,8656600,2,4,4,244,10
CUST00935,2025-06-16,199,2,352600,1,1,1,111,3
CUST00936,2025-11-19,43,23,5648850,3,5,3,353,11
CUST00937,2025-12-17,15,18,10200550,4,4,4,444,12
CUST00938,2025-11-17,45,4,822600,3,2,1,321,6
CUST00939,2025-05-14,232,4,780650,1,2,1,121,4
CUST00940,2025-12-31,1,14,3870600,5,4,3,543,12
CUST00941,2025-12-08,24,8,3038600,4,3,3,433,10
CUST00942,2025-10-31,62,8,3278750,3,3,3,333,9
CUST00943,2025-10-05,88,18,4845900,2,4,3,243,9
CUST00945,2025-08-02,152,6,4295400,2,2,3,223,7
CUST00946,2025-10-30,63,5,1212800,3,2,2,322,7
CUST00947,2025-09-27,96,3,187200,2,1,1,211,4
CUST00948,2025-10-25,68,7,1271600,3,2,2,322,7
CUST00949,2025-11-25,37,16,16192500,3,4,5,345,12
CUST00950,2025-12-17,15,25,7357300,4,5,4,454,13
CUST00951,2025-11-11,51,19,7526700,3,4,4,344,11
CUST00952,2025-09-17,106,22,9709550,2,5,4,254,11
CUST00953,2025-12-23,9,9,4157050,5,3,3,533,11
CUST00954,2025-08-15,139,10,4608200,2,3,3,233,8
CUST00955,2024-09-30,458,1,36550,1,1,1,111,3
CUST00956,2025-12-31,1,33,17756050,5,5,5,555,15
CUST00957,2025-07-21,164,1,30800,1,1,1,111,3
CUST00958,2025-12-05,27,33,8565250,4,5,4,454,13
CUST00959,2025-10-24,69,12,9409900,3,3,4,334,10
CUST00960,2025-11-25,37,25,11368300,3,5,5,355,13
CUST00961,2025-05-06,240,5,1811300,1,2,2,122,5
CUST00962,2025-11-02,60,14,14063450,3,4,5,345,12
CUST00963,2025-12-03,29,21,13412300,4,4,5,445,13
CUST00964,2025-11-20,42,5,2100350,3,2,2,322,7
CUST00965,2025-12-26,6,30,23178200,5,5,5,555,15
CUST00967,2025-12-14,18,42,25526800,4,5,5,455,14
CUST00968,2025-11-14,48,10,6924900,3,3,4,334,10
CUST00969,2025-10-25,68,3,2938650,3,1,2,312,6
CUST00970,2025-07-19,166,11,5072950,1,3,3,133,7
CUST00971,2025-12-23,9,8,3700900,5,3,3,533,11
CUST00973,2025-11-25,37,13,4488750,3,4,3,343,10
CUST00975,2024-02-05,696,1,977000,1,1,1,111,3
CUST00977,2025-12-01,31,15,6090500,4,4,4,444,12
CUST00978,2025-12-01,31,21,9874450,4,4,4,444,12
CUST00979,2025-10-08,85,1,210600,2,1,1,211,4
CUST00980,2025-12-15,17,49,21437500,4,5,5,455,14
CUST00981,2025-12-26,6,16,10363050,5,4,4,544,13
CUST00982,2025-12-25,7,15,4019550,5,4,3,543,12
CUST00983,2025-06-26,189,9,5734150,1,3,4,134,8
CUST00985,2025-11-24,38,14,3830850,3,4,3,343,10
CUST00986,2025-12-30,2,37,15379550,5,5,5,555,15
CUST00987,2025-01-20,346,4,267450,1,2,1,121,4
CUST00988,2025-12-13,19,2,475700,4,1,1,411,6
CUST00989,2025-12-16,16,13,2626250,4,4,2,442,10
CUST00990,2025-11-28,34,12,10224100,3,3,4,334,10
CUST00991,2025-12-29,3,28,18781550,5,5,5,555,15
CUST00992,2025-08-30,124,12,2051600,2,3,2,232,7
CUST00993,2025-12-12,20,16,3717700,4,4,3,443,11
CUST00994,2025-11-12,50,8,1251700,3,3,2,332,8
CUST00995,2025-09-13,110,3,676500,2,1,1,211,4
CUST00996,2025-11-25,37,19,7518850,3,4,4,344,11
CUST00997,2025-12-07,25,24,12117300,4,5,5,455,14
CUST00998,2025-10-10,83,3,431500,2,1,1,211,4
CUST00999,2025-11-28,34,31,15818800,3,5,5,355,13
CUST01000,2025-12-27,5,36,21661400,5,5,5,555,15
CUST01001,2025-07-27,158,3,1277000,2,1,2,212,5
CUST01002,2025-03-04,303,3,531500,1,1,1,111,3
CUST01003,2025-12-19,13,4,595000,5,2,1,521,8
CUST01004,2025-08-27,127,9,2358350,2,3,2,232,7
CUST01005,2025-07-04,181,4,1243100,1,2,2,122,5
CUST01007,2024-12-23,374,2,198900,1,1,1,111,3
CUST01008,2024-09-28,460,1,52200,1,1,1,111,3
CUST01010,2024-04-14,627,1,760500,1,1,1,111,3
CUST01011,2025-12-26,6,46,26824450,5,5,5,555,15
CUST01012,2025-12-09,23,38,28164600,4,5,5,455,14
CUST01013,2025-12-05,27,14,8219200,4,4,4,444,12
CUST01014,2025-07-21,164,2,976000,1,1,1,111,3
CUST01015,2024-08-01,518,1,636000,1,1,1,111,3
CUST01016,2025-10-26,67,10,4324100,3,3,3,333,9
CUST01017,2025-10-31,62,16,11682550,3,4,5,345,12
CUST01018,2025-04-25,251,5,2884750,1,2,2,122,5
CUST01019,2025-08-17,137,14,2883550,2,4,2,242,8
CUST01020,2025-12-03,29,3,1319600,4,1,2,412,7
CUST01021,2025-12-14,18,4,914750,4,2,1,421,7
CUST01022,2025-12-18,14,7,4949000,4,2,3,423,9
CUST01023,2025-12-16,16,34,10813450,4,5,5,455,14
CUST01024,2025-04-12,264,2,1317500,1,1,2,112,4
CUST01025,2025-07-08,177,8,2692850,1,3,2,132,6
CUST01027,2025-07-05,180,3,2868750,1,1,2,112,4
CUST01028,2024-10-23,435,3,1245750,1,1,2,112,4
CUST01029,2025-12-19,13,11,1940000,5,3,2,532,10
CUST01030,2025-12-24,8,35,18103600,5,5,5,555,15
CUST01031,2025-01-18,348,5,670500,1,2,1,121,4
CUST01032,2025-12-12,20,24,13248600,4,5,5,455,14
CUST01033,2025-12-10,22,34,17777400,4,5,5,455,14
CUST01034,2025-11-23,39,11,4403450,3,3,3,333,9
CUST01035,2025-12-02,30,34,22279600,4,5,5,455,14
CUST01036,2025-10-05,88,4,4164000,2,2,3,223,7
CUST01037,2025-12-27,5,10,2353300,5,3,2,532,10
CUST01038,2025-12-23,9,22,8941100,5,5,4,554,14
CUST01040,2025-12-26,6,4,1916400,5,2,2,522,9
CUST01041,2025-12-12,20,8,3442500,4,3,3,433,10
CUST01042,2025-06-29,186,5,1932700,1,2,2,122,5
CUST01043,2025-10-26,67,6,1153450,3,2,1,321,6
CUST01045,2025-12-10,22,30,8427950,4,5,4,454,13
CUST01046,2025-12-23,9,23,16911150,5,5,5,555,15
CUST01047,2025-12-31,1,108,58753950,5,5,5,555,15
CUST01048,2024-11-09,418,3,1623400,1,1,2,112,4
CUST01049,2025-12-19,13,13,3291600,5,4,3,543,12
CUST01050,2025-11-17,45,1,589500,3,1,1,311,5
CUST01051,2024-12-14,383,2,272550,1,1,1,111,3
CUST01052,2025-11-26,36,20,6043600,3,4,4,344,11
CUST01053,2025-12-25,7,5,1319100,5,2,2,522,9
CUST01054,2025-07-11,174,5,3030400,1,2,3,123,6
CUST01055,2025-12-20,12,8,3567450,5,3,3,533,11
CUST01056,2024-11-13,414,4,2929350,1,2,2,122,5
CUST01057,2025-02-04,331,5,2218000,1,2,2,122,5
CUST01058,2025-10-13,80,3,244200,2,1,1,211,4
CUST01059,2025-10-28,65,27,10618900,3,5,5,355,13
CUST01060,2025-12-26,6,29,8286600,5,5,4,554,14
CUST01062,2025-12-03,29,36,17890900,4,5,5,455,14
CUST01063,2025-11-28,34,10,3389800,3,3,3,333,9
CUST01064,2025-12-29,3,25,9792800,5,5,4,554,14
CUST01065,2025-03-13,294,5,1207800,1,2,2,122,5
CUST01066,2025-07-29,156,8,1894550,2,3,2,232,7
CUST01067,2025-11-14,48,1,34200,3,1,1,311,5
CUST01068,2025-10-17,76,6,1367250,2,2,2,222,6
CUST01069,2025-12-09,23,17,14590700,4,4,5,445,13
CUST01070,2025-11-20,42,15,7017650,3,4,4,344,11
CUST01071,2025-08-17,137,10,4819500,2,3,3,233,8
CUST01072,2025-02-11,324,4,432700,1,2,1,121,4
CUST01073,2025-12-05,27,2,507400,4,1,1,411,6
CUST01074,2025-10-31,62,24,5002850,3,5,3,353,11
CUST01075,2025-12-21,11,32,12245200,5,5,5,555,15
CUST01076,2025-09-03,120,1,256000,2,1,1,211,4
CUST01077,2025-10-08,85,20,9097550,2,4,4,244,10
CUST01078,2025-05-24,222,8,3916650,1,3,3,133,7
CUST01079,2025-12-19,13,12,5427050,5,3,3,533,11
CUST01080,2024-11-13,414,1,57400,1,1,1,111,3
CUST01081,2025-02-03,332,1,81600,1,1,1,111,3
CUST01082,2025-11-20,42,10,1635450,3,3,2,332,8
CUST01083,2025-11-30,32,47,16611900,4,5,5,455,14
CUST01084,2025-12-30,2,10,7636800,5,3,4,534,12
CUST01085,2025-12-23,9,26,20997150,5,5,5,555,15
CUST01086,2025-11-09,53,5,1538850,3,2,2,322,7
CUST01087,2025-10-17,76,6,2385600,2,2,2,222,6
CUST01088,2025-11-04,58,18,5771850,3,4,4,344,11
CUST01089,2025-12-10,22,7,2764950,4,2,2,422,8
CUST01090,2025-12-17,15,22,24660750,4,5,5,455,14
CUST01091,2025-12-02,30,3,1559600,4,1,2,412,7
CUST01092,2025-08-18,136,14,5928850,2,4,4,244,10
CUST01093,2025-12-05,27,39,16572700,4,5,5,455,14
CUST01094,2025-11-12,50,17,5801200,3,4,4,344,11
CUST01095,2025-12-19,13,13,5180900,5,4,3,543,12
CUST01096,2025-12-25,7,25,12007250,5,5,5,555,15
CUST01097,2025-12-26,6,27,14132250,5,5,5,555,15
CUST01099,2025-12-16,16,8,3055050,4,3,3,433,10
CUST01100,2025-12-14,18,6,1383100,4,2,2,422,8
CUST01101,2025-09-21,102,2,828500,2,1,1,211,4
CUST01102,2025-12-29,3,52,26754800,5,5,5,555,15
CUST01103,2025-09-02,121,12,4829050,2,3,3,233,8
CUST01104,2025-12-18,14,22,10804800,4,5,5,455,14
CUST01105,2025-09-18,105,2,853800,2,1,1,211,4
CUST01106,2025-09-22,101,6,1268800,2,2,2,222,6
CUST01107,2025-10-28,65,6,2002900,3,2,2,322,7
CUST01108,2025-12-31,1,21,24613650,5,4,5,545,14
CUST01109,2025-09-26,97,15,3933750,2,4,3,243,9
CUST01110,2025-11-19,43,13,4556350,3,4,3,343,10
CUST01111,2025-06-22,193,6,1998200,1,2,2,122,5
CUST01112,2025-12-30,2,37,15928150,5,5,5,555,15
CUST01113,2025-09-20,103,33,14708650,2,5,5,255,12
CUST01114,2025-12-23,9,13,3810200,5,4,3,543,12
CUST01115,2025-06-06,209,8,3285100,1,3,3,133,7
CUST01116,2025-09-18,105,6,3067700,2,2,3,223,7
CUST01117,2025-09-04,119,20,12329300,2,4,5,245,11
CUST01118,2025-12-25,7,32,13858300,5,5,5,555,15
CUST01119,2025-09-23,100,7,2625400,2,2,2,222,6
CUST01120,2025-12-27,5,2,503100,5,1,1,511,7
CUST01121,2025-11-03,59,7,969050,3,2,1,321,6
CUST01122,2025-08-18,136,12,2860600,2,3,2,232,7
CUST01123,2025-12-15,17,2,853200,4,1,1,411,6
CUST01125,2025-09-09,114,4,1047150,2,2,1,221,5
CUST01126,2025-12-18,14,27,11086300,4,5,5,455,14
CUST01127,2025-12-24,8,35,12413550,5,5,5,555,15
CUST01128,2025-06-18,197,2,1562850,1,1,2,112,4
CUST01129,2025-10-28,65,3,6545200,3,1,4,314,8
CUST01130,2025-12-05,27,17,6417700,4,4,4,444,12
CUST01131,2025-09-24,99,5,929250,2,2,1,221,5
CUST01132,2025-09-18,105,9,2566850,2,3,2,232,7
CUST01134,2025-10-19,74,6,1324550,2,2,2,222,6
CUST01135,2025-10-23,70,12,4603700,3,3,3,333,9
CUST01136,2025-12-20,12,19,10251350,5,4,4,544,13
CUST01137,2025-12-31,1,9,3499150,5,3,3,533,11
CUST01138,2025-06-22,193,6,2984600,1,2,2,122,5
CUST01140,2025-12-27,5,56,18923500,5,5,5,555,15
CUST01141,2025-12-06,26,23,4875500,4,5,3,453,12
CUST01142,2024-11-28,399,3,358950,1,1,1,111,3
CUST01143,2025-12-25,7,8,4336100,5,3,3,533,11
CUST01144,2025-09-09,114,9,8077500,2,3,4,234,9
CUST01145,2025-10-20,73,8,7270850,2,3,4,234,9
CUST01146,2025-12-29,3,32,13800950,5,5,5,555,15
CUST01147,2025-04-06,270,2,777600,1,1,1,111,3
CUST01148,2025-12-28,4,19,12131400,5,4,5,545,14
CUST01149,2025-09-26,97,23,8346900,2,5,4,254,11
CUST01150,2025-12-08,24,20,10553000,4,4,4,444,12
CUST01151,2025-12-11,21,6,2828550,4,2,2,422,8
CUST01152,2025-10-15,78,2,244150,2,1,1,211,4
CUST01153,2024-10-06,452,3,2116850,1,1,2,112,4
CUST01154,2025-12-21,11,18,7104750,5,4,4,544,13
CUST01155,2024-10-05,453,8,1776700,1,3,2,132,6
CUST01156,2025-12-14,18,27,9558700,4,5,4,454,13
CUST01157,2024-09-26,462,1,200450,1,1,1,111,3
CUST01158,2025-12-12,20,26,9526650,4,5,4,454,13
CUST01159,2025-12-26,6,58,24645400,5,5,5,555,15
CUST01160,2025-11-10,52,9,6681500,3,3,4,334,10
CUST01161,2025-12-12,20,10,9168950,4,3,4,434,11
CUST01162,2025-12-27,5,11,2809250,5,3,2,532,10
CUST01163,2025-12-24,8,11,3009650,5,3,2,532,10
CUST01164,2025-09-16,107,4,277100,2,2,1,221,5
CUST01166,2025-12-17,15,10,2508200,4,3,2,432,9
CUST01167,2025-09-05,118,10,4628100,2,3,3,233,8
CUST01168,2025-12-18,14,32,11259850,4,5,5,455,14
CUST01169,2025-07-01,184,2,326400,1,1,1,111,3
CUST01170,2025-12-21,11,29,10341600,5,5,4,554,14
CUST01171,2025-11-20,42,9,2989700,3,3,2,332,8
CUST01172,2025-12-26,6,4,1739400,5,2,2,522,9
CUST01173,2025-10-22,71,18,7027450,3,4,4,344,11
CUST01174,2025-01-01,365,3,892350,1,1,1,111,3
CUST01175,2025-12-02,30,10,4311100,4,3,3,433,10
CUST01176,2025-12-16,16,12,8634200,4,3,4,434,11
CUST01177,2025-11-15,47,15,11835450,3,4,5,345,12
CUST01178,2025-10-04,89,6,1729050,2,2,2,222,6
CUST01179,2025-12-28,4,7,1184850,5,2,1,521,8
CUST01180,2025-12-19,13,7,1108650,5,2,1,521,8
CUST01181,2025-12-24,8,12,4865150,5,4,3,543,12
CUST01182,2025-10-15,78,7,3782750,2,2,3,223,7
CUST01183,2025-12-19,13,21,8968550,5,5,4,554,14
CUST01184,2025-08-04,150,8,1380450,2,3,2,232,7
CUST01185,2024-06-10,570,1,165200,1,1,1,111,3
CUST01186,2025-12-08,24,11,3054800,4,3,3,433,10
CUST01187,2025-12-18,14,20,7226300,4,4,4,444,12
CUST01188,2025-12-12,20,27,11634250,4,5,5,455,14
CUST01189,2025-11-14,48,5,5149850,3,2,3,323,8
CUST01190,2025-03-19,288,3,372500,1,1,1,111,3
CUST01191,2025-12-18,14,14,17361200,4,4,5,445,13
CUST01192,2025-12-16,16,31,10985050,4,5,5,455,14
CUST01193,2025-02-27,308,3,126750,1,1,1,111,3
CUST01194,2025-10-06,87,10,2727600,2,3,2,232,7
CUST01195,2025-07-29,156,9,3261700,2,3,3,233,8
CUST01196,2025-09-08,115,4,256400,2,2,1,221,5
CUST01197,2025-08-26,128,8,5895250,2,3,4,234,9
CUST01198,2025-12-27,5,28,8443400,5,5,4,554,14
CUST01199,2025-11-27,35,6,2525950,3,2,2,322,7
CUST01200,2025-08-26,128,10,10877400,2,3,5,235,10
CUST01201,2025-12-18,14,18,8330100,4,4,4,444,12
CUST01202,2025-12-30,2,22,9694550,5,5,4,554,14
CUST01203,2025-10-05,88,3,273200,2,1,1,211,4
CUST01204,2025-10-31,62,8,4662650,3,3,3,333,9
CUST01205,2025-06-19,196,5,3489050,1,2,3,123,6
CUST01206,2025-11-25,37,11,5484750,3,3,3,333,9
CUST01207,2025-12-20,12,21,5708900,5,5,4,554,14
CUST01208,2025-06-20,195,6,1815600,1,2,2,122,5
CUST01209,2025-11-30,32,9,2197100,4,3,2,432,9
CUST01210,2025-12-22,10,21,9629350,5,5,4,554,14
CUST01211,2025-11-12,50,19,6908950,3,4,4,344,11
CUST01212,2025-12-24,8,8,3401250,5,3,3,533,11
CUST01213,2025-11-18,44,10,5781000,3,3,4,334,10
CUST01214,2025-12-07,25,5,947250,4,2,1,421,7
CUST01215,2024-03-05,667,1,324000,1,1,1,111,3
CUST01216,2025-11-16,46,9,2065350,3,3,2,332,8
CUST01217,2025-06-01,214,1,91200,1,1,1,111,3
CUST01218,2025-12-26,6,27,10907900,5,5,5,555,15
CUST01219,2025-10-18,75,7,1854850,2,2,2,222,6
CUST01220,2025-11-14,48,8,1770900,3,3,2,332,8
CUST01221,2025-10-02,91,40,15043950,2,5,5,255,12
CUST01222,2025-11-30,32,19,8459350,4,4,4,444,12
CUST01223,2025-11-30,32,7,1854700,4,2,2,422,8
CUST01224,2025-07-11,174,3,1787750,1,1,2,112,4
CUST01225,2025-12-12,20,12,5799150,4,4,4,444,12
CUST01226,2025-12-23,9,11,6215400,5,3,4,534,12
CUST01227,2025-12-22,10,12,6937800,5,4,4,544,13
CUST01228,2025-10-23,70,15,15478150,3,4,5,345,12
CUST01229,2025-10-09,84,6,926250,2,2,1,221,5
CUST01230,2025-11-25,37,9,3020850,3,3,2,332,8
CUST01231,2025-10-28,65,15,6600150,3,4,4,344,11
CUST01232,2025-03-04,303,4,569250,1,2,1,121,4
CUST01233,2024-12-20,377,4,552300,1,2,1,121,4
CUST01234,2025-10-29,64,7,874400,3,2,1,321,6
CUST01235,2025-06-26,189,3,1075300,1,1,1,111,3
CUST01236,2025-09-13,110,8,15683850,2,3,5,235,10
CUST01237,2025-12-01,31,15,20089200,4,4,5,445,13
CUST01238,2025-11-23,39,6,1171900,3,2,1,321,6
CUST01239,2025-10-12,81,13,11543900,2,4,5,245,11
CUST01240,2025-12-15,17,26,13479500,4,5,5,455,14
CUST01241,2025-05-18,228,3,282300,1,1,1,111,3
CUST01242,2025-12-30,2,66,31443650,5,5,5,555,15
CUST01243,2025-12-19,13,47,22619400,5,5,5,555,15
CUST01244,2025-12-05,27,15,12762900,4,4,5,445,13
CUST01245,2025-08-13,141,11,6304600,2,3,4,234,9
CUST01246,2025-08-13,141,5,1373600,2,2,2,222,6
CUST01247,2025-10-21,72,17,3825550,2,4,3,243,9
CUST01248,2025-12-20,12,9,6823400,5,3,4,534,12
CUST01249,2025-12-15,17,23,20965100,4,5,5,455,14
CUST01250,2025-08-17,137,2,504750,2,1,1,211,4
CUST01251,2025-08-22,132,24,14436800,2,5,5,255,12
CUST01252,2025-10-14,79,11,11985650,2,3,5,235,10
CUST01253,2025-06-20,195,3,351000,1,1,1,111,3
CUST01254,2025-10-05,88,8,2936600,2,3,2,232,7
CUST01255,2025-08-25,129,6,2669950,2,2,2,222,6
CUST01256,2025-12-16,16,27,13675750,4,5,5,455,14
CUST01257,2025-12-23,9,32,12737300,5,5,5,555,15
CUST01258,2025-06-14,201,9,3804950,1,3,3,133,7
CUST01259,2025-11-08,54,22,6377500,3,5,4,354,12
CUST01260,2025-09-15,108,18,6165950,2,4,4,244,10
CUST01261,2025-09-07,116,5,4267150,2,2,3,223,7
CUST01262,2025-11-15,47,13,9292850,3,4,4,344,11
CUST01263,2025-12-15,17,5,901650,4,2,1,421,7
CUST01264,2025-12-18,14,27,12899900,4,5,5,455,14
CUST01265,2025-05-02,244,2,140400,1,1,1,111,3
CUST01266,2025-12-20,12,15,5417100,5,4,3,543,12
CUST01267,2025-09-08,115,3,1337200,2,1,2,212,5
CUST01268,2025-12-02,30,46,18986650,4,5,5,455,14
CUST01269,2025-11-18,44,9,4505850,3,3,3,333,9
CUST01270,2025-07-23,162,7,5205450,1,2,3,123,6
CUST01271,2025-09-01,122,6,1591600,2,2,2,222,6
CUST01272,2025-10-06,87,4,1115200,2,2,1,221,5
CUST01273,2024-08-19,500,2,264000,1,1,1,111,3
CUST01274,2025-11-19,43,29,17753750,3,5,5,355,13
CUST01275,2024-04-26,615,1,164350,1,1,1,111,3
CUST01276,2025-08-18,136,4,1965850,2,2,2,222,6
CUST01277,2025-12-18,14,11,5180800,4,3,3,433,10
CUST01278,2025-07-06,179,9,3697400,1,3,3,133,7
CUST01279,2025-04-10,266,12,3498000,1,4,3,143,8
CUST01280,2025-08-12,142,14,6942250,2,4,4,244,10
CUST01281,2025-11-24,38,21,6733900,3,5,4,354,12
CUST01282,2025-12-08,24,10,3065400,4,3,3,433,10
CUST01283,2025-07-08,177,2,569500,1,1,1,111,3
CUST01284,2025-11-04,58,20,4468800,3,4,3,343,10
CUST01285,2025-07-11,174,10,1468450,1,3,2,132,6
CUST01286,2025-09-07,116,5,2600000,2,2,2,222,6
CUST01287,2025-11-27,35,7,4404150,3,2,3,323,8
CUST01288,2025-11-01,61,37,28930750,3,5,5,355,13
CUST01289,2025-12-25,7,7,8690000,5,2,4,524,11
CUST01290,2025-11-04,58,6,1317950,3,2,2,322,7
CUST01291,2025-11-26,36,19,8114650,3,4,4,344,11
CUST01292,2025-12-18,14,26,12622100,4,5,5,455,14
CUST01294,2025-12-07,25,33,13509850,4,5,5,455,14
CUST01295,2025-01-26,340,1,49500,1,1,1,111,3
CUST01296,2025-10-02,91,8,5880650,2,3,4,234,9
CUST01297,2025-11-02,60,13,4829900,3,4,3,343,10
CUST01299,2025-06-27,188,4,782300,1,2,1,121,4
CUST01300,2025-08-03,151,3,1086100,2,1,1,211,4
CUST01301,2025-12-21,11,35,16688550,5,5,5,555,15
CUST01302,2025-11-07,55,9,2626850,3,3,2,332,8
CUST01303,2025-08-13,141,3,1273600,2,1,2,212,5
CUST01304,2025-12-30,2,45,20733850,5,5,5,555,15
CUST01305,2025-10-24,69,6,3661400,3,2,3,323,8
CUST01306,2025-08-24,130,11,3419000,2,3,3,233,8
CUST01307,2025-12-11,21,18,12690450,4,4,5,445,13
CUST01308,2025-12-21,11,29,18110950,5,5,5,555,15
CUST01309,2025-12-13,19,8,2815400,4,3,2,432,9
CUST01310,2025-10-08,85,22,11715250,2,5,5,255,12
CUST01311,2025-10-25,68,16,3973600,3,4,3,343,10
CUST01312,2025-11-11,51,9,3251500,3,3,3,333,9
CUST01313,2025-12-30,2,56,16397850,5,5,5,555,15
CUST01314,2025-06-17,198,5,6372150,1,2,4,124,7
CUST01315,2025-01-16,350,2,1506000,1,1,2,112,4
CUST01316,2025-12-13,19,15,8186550,4,4,4,444,12
CUST01317,2025-11-02,60,21,3879200,3,5,3,353,11
CUST01318,2025-12-17,15,19,16915500,4,4,5,445,13
CUST01319,2025-12-15,17,4,2197000,4,2,2,422,8
CUST01320,2025-09-19,104,16,13381300,2,4,5,245,11
CUST01322,2025-11-10,52,5,1201350,3,2,2,322,7
CUST01323,2024-01-06,726,1,234000,1,1,1,111,3
CUST01324,2025-11-02,60,34,24338400,3,5,5,355,13
CUST01325,2025-07-03,182,2,480000,1,1,1,111,3
CUST01326,2025-10-05,88,2,710950,2,1,1,211,4
CUST01327,2025-12-25,7,21,9643950,5,5,4,554,14
CUST01328,2025-10-19,74,8,3755600,2,3,3,233,8
CUST01329,2024-08-01,518,2,2807000,1,1,2,112,4
CUST01330,2025-10-09,84,5,4030800,2,2,3,223,7
CUST01331,2025-01-14,352,1,605200,1,1,1,111,3
CUST01332,2024-09-29,459,2,304900,1,1,1,111,3
CUST01333,2025-04-23,253,11,2349750,1,3,2,132,6
CUST01335,2025-09-09,114,10,1616800,2,3,2,232,7
CUST01336,2025-09-19,104,11,3634600,2,3,3,233,8
CUST01337,2025-12-24,8,26,15992050,5,5,5,555,15
CUST01338,2025-11-13,49,17,6111900,3,4,4,344,11
CUST01339,2025-10-14,79,5,742100,2,2,1,221,5
CUST01340,2025-12-22,10,5,1322400,5,2,2,522,9
CUST01341,2025-11-18,44,12,10781350,3,4,5,345,12
CUST01343,2025-04-19,257,3,1635200,1,1,2,112,4
CUST01344,2025-07-31,154,6,794000,2,2,1,221,5
CUST01346,2024-11-01,426,1,16800,1,1,1,111,3
CUST01348,2025-12-11,21,6,817850,4,2,1,421,7
CUST01349,2025-12-11,21,6,1336800,4,2,2,422,8
CUST01350,2025-10-10,83,17,12511100,2,4,5,245,11
CUST01351,2025-12-13,19,6,2629900,4,2,2,422,8
CUST01352,2025-05-13,233,8,12498750,1,3,5,135,9
CUST01353,2025-06-04,211,9,2891550,1,3,2,132,6
CUST01354,2025-11-26,36,6,1298600,3,2,2,322,7
CUST01355,2025-12-20,12,14,11480250,5,4,5,545,14
CUST01356,2024-12-14,383,5,605600,1,2,1,121,4
CUST01357,2025-12-22,10,9,7775750,5,3,4,534,12
CUST01358,2025-11-20,42,20,5010900,3,4,3,343,10
CUST01359,2025-10-11,82,10,2814000,2,3,2,232,7
CUST01360,2025-09-09,114,9,5077200,2,3,3,233,8
CUST01361,2024-08-18,501,1,139400,1,1,1,111,3
CUST01362,2024-09-29,459,1,98800,1,1,1,111,3
CUST01363,2025-09-23,100,8,1127000,2,3,1,231,6
CUST01364,2024-11-25,402,4,991900,1,2,1,121,4
CUST01365,2025-12-26,6,45,22038400,5,5,5,555,15
CUST01366,2025-11-26,36,11,2470150,3,3,2,332,8
CUST01367,2025-05-15,231,6,1610350,1,2,2,122,5
CUST01368,2025-09-18,105,4,2351200,2,2,2,222,6
CUST01369,2025-05-11,235,2,3060450,1,1,3,113,5
CUST01370,2025-10-21,72,7,3414900,2,2,3,223,7
CUST01371,2025-10-07,86,3,820300,2,1,1,211,4
CUST01372,2025-12-17,15,40,19893500,4,5,5,455,14
CUST01373,2025-11-09,53,6,2711900,3,2,2,322,7
CUST01374,2025-10-12,81,20,8398400,2,4,4,244,10
CUST01376,2025-12-31,1,10,5806150,5,3,4,534,12
CUST01377,2024-11-10,417,2,5444250,1,1,3,113,5
CUST01378,2025-12-31,1,23,9863950,5,5,4,554,14
CUST01379,2025-10-21,72,4,1931000,2,2,2,222,6
CUST01380,2025-12-27,5,22,8654150,5,5,4,554,14
CUST01381,2025-08-12,142,14,3140350,2,4,3,243,9
CUST01382,2025-07-13,172,4,2885800,1,2,2,122,5
CUST01383,2025-06-04,211,4,9868800,1,2,4,124,7
CUST01384,2024-08-28,491,3,790500,1,1,1,111,3
CUST01385,2025-04-25,251,4,1186500,1,2,1,121,4
CUST01386,2025-12-24,8,19,7166350,5,4,4,544,13
CUST01387,2025-10-20,73,7,2685750,2,2,2,222,6
CUST01388,2025-11-18,44,19,4909600,3,4,3,343,10
CUST01389,2025-11-05,57,22,17065050,3,5,5,355,13
CUST01390,2025-04-29,247,4,2720400,1,2,2,122,5
CUST01391,2024-11-11,416,1,144000,1,1,1,111,3
CUST01392,2025-09-24,99,8,1602000,2,3,2,232,7
CUST01393,2025-12-19,13,42,16428800,5,5,5,555,15
CUST01394,2025-11-27,35,22,8986650,3,5,4,354,12
CUST01395,2025-05-07,239,10,4800550,1,3,3,133,7
CUST01396,2025-07-14,171,2,2055200,1,1,2,112,4
CUST01397,2025-10-20,73,6,2686000,2,2,2,222,6
CUST01399,2025-03-17,290,2,924000,1,1,1,111,3
CUST01400,2025-12-17,15,8,7976950,4,3,4,434,11
CUST01402,2025-09-10,113,6,4062500,2,2,3,223,7
CUST01403,2024-06-22,558,1,27200,1,1,1,111,3
CUST01404,2024-03-31,641,1,331550,1,1,1,111,3
CUST01405,2025-11-30,32,10,6136550,4,3,4,434,11
CUST01406,2025-04-11,265,4,3099400,1,2,3,123,6
CUST01407,2025-07-07,178,2,871000,1,1,1,111,3
CUST01408,2024-09-24,464,2,597000,1,1,1,111,3
CUST01410,2025-11-17,45,21,5776650,3,5,4,354,12
CUST01411,2025-12-18,14,17,5697100,4,4,4,444,12
CUST01412,2025-12-01,31,17,9320200,4,4,4,444,12
CUST01413,2025-07-17,168,5,487200,1,2,1,121,4
CUST01414,2025-11-18,44,16,5935950,3,4,4,344,11
CUST01415,2025-11-28,34,8,3562850,3,3,3,333,9
CUST01416,2025-09-21,102,7,1393750,2,2,2,222,6
CUST01417,2025-10-31,62,10,4718200,3,3,3,333,9
CUST01418,2024-03-06,666,1,171000,1,1,1,111,3
CUST01419,2024-12-31,366,3,6776550,1,1,4,114,6
CUST01420,2025-08-23,131,10,4674150,2,3,3,233,8
CUST01421,2025-10-29,64,7,5205850,3,2,3,323,8
CUST01422,2025-12-05,27,10,1168750,4,3,1,431,8
CUST01423,2025-11-08,54,5,665200,3,2,1,321,6
CUST01424,2025-08-03,151,2,276800,2,1,1,211,4
CUST01425,2025-12-05,27,8,4074450,4,3,3,433,10
CUST01426,2025-12-15,17,7,2529200,4,2,2,422,8
CUST01427,2025-12-03,29,8,3811050,4,3,3,433,10
CUST01428,2025-09-20,103,6,1793900,2,2,2,222,6
CUST01429,2025-12-28,4,37,12730900,5,5,5,555,15
CUST01430,2025-09-17,106,5,5689500,2,2,3,223,7
CUST01431,2025-10-12,81,9,1455150,2,3,2,232,7
CUST01432,2025-10-15,78,24,10215050,2,5,4,254,11
CUST01433,2025-12-21,11,29,18236900,5,5,5,555,15
CUST01434,2025-12-20,12,12,6362250,5,4,4,544,13
CUST01435,2025-12-09,23,26,11564300,4,5,5,455,14
CUST01436,2024-12-12,385,3,504900,1,1,1,111,3
CUST01437,2025-10-05,88,19,8211900,2,4,4,244,10
CUST01438,2025-11-27,35,19,8004950,3,4,4,344,11
CUST01439,2025-12-04,28,6,1033850,4,2,1,421,7
CUST01440,2025-12-16,16,10,11459650,4,3,5,435,12
CUST01442,2025-12-10,22,11,5658900,4,3,3,433,10
CUST01443,2025-12-09,23,21,11101400,4,5,5,455,14
CUST01444,2025-11-01,61,1,102600,3,1,1,311,5
CUST01445,2025-12-29,3,2,256500,5,1,1,511,7
CUST01446,2025-08-19,135,2,1085700,2,1,1,211,4
CUST01447,2025-07-05,180,5,2196200,1,2,2,122,5
CUST01448,2025-10-12,81,21,6962250,2,5,4,254,11
CUST01449,2025-12-21,11,23,13319800,5,5,5,555,15
CUST01450,2025-12-24,8,25,20276000,5,5,5,555,15
CUST01451,2025-12-08,24,8,2927700,4,3,2,432,9
CUST01452,2025-11-14,48,23,12691050,3,5,5,355,13
CUST01453,2025-10-05,88,18,8393550,2,4,4,244,10
CUST01454,2025-07-24,161,6,2305000,1,2,2,122,5
CUST01455,2025-09-25,98,6,923450,2,2,1,221,5
CUST01456,2025-12-16,16,11,3400600,4,3,3,433,10
CUST01457,2025-07-13,172,10,3674200,1,3,3,133,7
CUST01458,2025-05-02,244,2,301300,1,1,1,111,3
CUST01459,2025-01-17,349,2,202700,1,1,1,111,3
CUST01460,2025-12-04,28,6,9010050,4,2,4,424,10
CUST01461,2025-11-19,43,43,19229900,3,5,5,355,13
CUST01462,2025-10-04,89,6,628050,2,2,1,221,5
CUST01463,2025-03-20,287,5,2075050,1,2,2,122,5
CUST01464,2025-11-01,61,5,5090700,3,2,3,323,8
CUST01465,2025-12-23,9,8,5691000,5,3,3,533,11
CUST01466,2025-11-30,32,27,10908350,4,5,5,455,14
CUST01467,2025-12-24,8,32,16662700,5,5,5,555,15
CUST01468,2025-11-17,45,27,19562750,3,5,5,355,13
CUST01469,2025-11-30,32,4,4222900,4,2,3,423,9
CUST01470,2025-12-15,17,23,9149250,4,5,4,454,13
CUST01471,2025-09-22,101,4,1804250,2,2,2,222,6
CUST01472,2025-12-22,10,25,12376100,5,5,5,555,15
CUST01473,2025-11-20,42,7,4300750,3,2,3,323,8
CUST01474,2025-12-12,20,14,4973050,4,4,3,443,11
CUST01475,2025-09-13,110,13,5768500,2,4,4,244,10
CUST01476,2025-12-22,10,12,7730000,5,4,4,544,13
CUST01477,2025-12-24,8,17,5298050,5,4,3,543,12
CUST01478,2025-11-02,60,12,6278100,3,4,4,344,11
CUST01479,2025-11-12,50,8,2079800,3,3,2,332,8
CUST01480,2025-12-01,31,23,5602200,4,5,3,453,12
CUST01481,2025-06-15,200,7,1280850,1,2,2,122,5
CUST01482,2025-12-25,7,1,39000,5,1,1,511,7
CUST01483,2025-12-31,1,32,7350650,5,5,4,554,14
CUST01484,2025-09-16,107,5,928600,2,2,1,221,5
CUST01485,2025-10-23,70,20,7606300,3,4,4,344,11
CUST01486,2025-12-14,18,7,1758100,4,2,2,422,8
CUST01488,2025-08-15,139,5,1678100,2,2,2,222,6
CUST01489,2025-12-26,6,12,5651950,5,4,3,543,12
CUST01490,2025-11-10,52,23,13229100,3,5,5,355,13
CUST01491,2025-06-12,203,5,1329100,1,2,2,122,5
CUST01492,2025-09-23,100,4,1888750,2,2,2,222,6
CUST01493,2025-09-06,117,9,2618450,2,3,2,232,7
CUST01494,2025-12-01,31,18,9409200,4,4,4,444,12
CUST01495,2025-12-08,24,13,3989600,4,4,3,443,11
CUST01496,2025-08-05,149,1,284000,2,1,1,211,4
CUST01497,2025-12-22,10,10,3139250,5,3,3,533,11
CUST01498,2025-12-29,3,23,8435400,5,5,4,554,14
CUST01499,2025-12-23,9,26,8057850,5,5,4,554,14
CUST01500,2025-12-08,24,33,14450250,4,5,5,455,14
CUST01501,2025-05-13,233,1,263500,1,1,1,111,3
CUST01502,2025-07-13,172,3,6221800,1,1,4,114,6
CUST01503,2024-04-28,613,1,182700,1,1,1,111,3
CUST01504,2025-11-27,35,29,10836550,3,5,5,355,13
CUST01505,2025-12-19,13,15,5083450,5,4,3,543,12
CUST01506,2025-12-17,15,15,3321100,4,4,3,443,11
CUST01507,2025-07-03,182,2,271650,1,1,1,111,3
CUST01508,2025-07-25,160,11,6757000,1,3,4,134,8
CUST01509,2025-10-09,84,10,5851000,2,3,4,234,9
CUST01510,2025-12-13,19,30,16855800,4,5,5,455,14
CUST01512,2025-11-29,33,18,6390650,4,4,4,444,12
CUST01513,2025-12-18,14,19,13852550,4,4,5,445,13
CUST01515,2025-12-12,20,21,5348550,4,5,3,453,12
CUST01516,2025-11-19,43,16,4413300,3,4,3,343,10
CUST01517,2025-12-10,22,11,1888300,4,3,2,432,9
CUST01518,2025-07-06,179,3,770300,1,1,1,111,3
CUST01519,2025-12-17,15,4,3908100,4,2,3,423,9
CUST01520,2025-11-01,61,16,2313200,3,4,2,342,9
CUST01521,2024-05-26,585,1,335200,1,1,1,111,3
CUST01522,2025-11-20,42,39,11446800,3,5,5,355,13
CUST01523,2025-07-08,177,1,49500,1,1,1,111,3
CUST01524,2025-12-03,29,28,11658700,4,5,5,455,14
CUST01525,2025-12-19,13,18,3336400,5,4,3,543,12
CUST01526,2025-11-03,59,17,6874400,3,4,4,344,11
CUST01527,2025-10-31,62,25,19558850,3,5,5,355,13
CUST01528,2025-07-07,178,2,438000,1,1,1,111,3
CUST01529,2025-12-22,10,23,11433150,5,5,5,555,15
CUST01530,2025-11-06,56,19,13404650,3,4,5,345,12
CUST01531,2025-12-11,21,18,6381800,4,4,4,444,12
CUST01532,2025-12-28,4,15,5037050,5,4,3,543,12
CUST01533,2025-11-29,33,2,1264000,4,1,2,412,7
CUST01534,2025-11-13,49,8,2860250,3,3,2,332,8
CUST01535,2025-12-22,10,23,13032150,5,5,5,555,15
CUST01536,2025-12-02,30,4,2479600,4,2,2,422,8
CUST01537,2024-05-07,604,1,177300,1,1,1,111,3
CUST01538,2025-12-29,3,40,21029450,5,5,5,555,15
CUST01539,2025-12-10,22,9,2313650,4,3,2,432,9
CUST01540,2025-11-30,32,19,10994500,4,4,5,445,13
CUST01541,2025-12-26,6,54,24074900,5,5,5,555,15
CUST01542,2025-07-02,183,7,2156100,1,2,2,122,5
CUST01543,2025-11-20,42,6,2027000,3,2,2,322,7
CUST01544,2025-09-24,99,3,688600,2,1,1,211,4
CUST01545,2025-08-04,150,5,2157850,2,2,2,222,6
CUST01546,2025-07-28,157,2,393400,2,1,1,211,4
CUST01547,2025-12-01,31,21,8837400,4,5,4,454,13
CUST01548,2025-11-28,34,14,8529200,3,4,4,344,11
CUST01549,2024-07-02,548,1,765100,1,1,1,111,3
CUST01550,2025-09-05,118,3,1209200,2,1,2,212,5
CUST01551,2025-12-18,14,28,11543400,4,5,5,455,14
CUST01552,2025-12-26,6,23,17737300,5,5,5,555,15
CUST01553,2024-05-25,586,1,76000,1,1,1,111,3
CUST01554,2025-12-30,2,14,13563900,5,4,5,545,14
CUST01555,2024-06-30,550,1,63900,1,1,1,111,3
CUST01556,2025-10-31,62,2,282500,3,1,1,311,5
CUST01557,2025-10-14,79,7,1968650,2,3,2,232,7
CUST01558,2025-10-04,89,5,682600,2,2,1,221,5
CUST01559,2025-03-11,296,8,1762950,1,3,2,132,6
CUST01560,2025-09-25,98,4,421300,2,2,1,221,5
CUST01561,2025-11-18,44,1,457300,3,1,1,311,5
CUST01562,2025-10-01,92,28,11757150,2,5,5,255,12
CUST01564,2025-11-11,51,15,4870600,3,4,3,343,10
CUST01565,2025-10-05,88,9,3455650,2,3,3,233,8
CUST01566,2025-12-16,16,16,17775050,4,4,5,445,13
CUST01567,2025-12-21,11,5,1820550,5,2,2,522,9
CUST01568,2025-12-31,1,10,5154100,5,3,3,533,11
CUST01569,2025-11-22,40,14,5228300,3,4,3,343,10
CUST01570,2025-10-04,89,11,6745350,2,3,4,234,9
CUST01571,2024-11-16,411,4,3852800,1,2,3,123,6
CUST01572,2025-07-26,159,4,765600,2,2,1,221,5
CUST01573,2025-12-09,23,21,4197000,4,5,3,453,12
CUST01574,2025-09-21,102,21,12703800,2,5,5,255,12
CUST01575,2025-12-15,17,9,4754300,4,3,3,433,10
CUST01576,2025-12-23,9,12,4364450,5,4,3,543,12
CUST01577,2025-12-30,2,5,2745300,5,2,2,522,9
CUST01578,2025-11-14,48,8,4791000,3,3,3,333,9
CUST01579,2025-03-02,305,12,4303700,1,4,3,143,8
CUST01580,2025-11-25,37,19,9324500,3,4,4,344,11
CUST01581,2025-11-18,44,17,9279950,3,4,4,344,11
CUST01582,2025-12-27,5,21,10232450,5,5,4,554,14
CUST01583,2025-12-08,24,13,7113800,4,4,4,444,12
CUST01584,2025-12-18,14,3,3030250,4,1,3,413,8
CUST01585,2025-10-25,68,7,2492500,3,3,2,332,8
CUST01586,2025-09-08,115,5,1478800,2,2,2,222,6
CUST01587,2025-11-28,34,17,17266900,3,4,5,345,12
CUST01588,2025-12-05,27,20,9647250,4,4,4,444,12
CUST01589,2025-12-21,11,6,5631300,5,2,3,523,10
CUST01590,2025-07-17,168,2,2442400,1,1,2,112,4
CUST01591,2025-09-02,121,4,928600,2,2,1,221,5
CUST01592,2025-08-08,146,1,63000,2,1,1,211,4
CUST01593,2025-05-18,228,3,961400,1,1,1,111,3
CUST01594,2025-07-16,169,5,1065000,1,2,1,121,4
CUST01595,2025-10-05,88,6,5151150,2,2,3,223,7
CUST01596,2025-12-26,6,41,27731700,5,5,5,555,15
CUST01597,2025-10-22,71,11,3437700,3,3,3,333,9
CUST01598,2025-12-27,5,17,7024950,5,4,4,544,13
CUST01599,2025-11-19,43,4,4824000,3,2,3,323,8
CUST01600,2025-12-19,13,9,4063050,5,3,3,533,11
CUST01601,2025-11-23,39,9,7458400,3,3,4,334,10
CUST01602,2025-06-19,196,7,2765300,1,3,2,132,6
CUST01603,2025-05-07,239,1,177650,1,1,1,111,3
CUST01604,2025-12-10,22,11,3607600,4,3,3,433,10
CUST01605,2025-12-08,24,28,14549750,4,5,5,455,14
CUST01606,2025-12-06,26,4,3727950,4,2,3,423,9
CUST01607,2024-12-02,395,5,1362800,1,2,2,122,5
CUST01608,2025-12-14,18,6,6466900,4,2,4,424,10
CUST01609,2025-12-29,3,31,10629450,5,5,5,555,15
CUST01611,2025-11-23,39,9,5403200,3,3,3,333,9
CUST01612,2024-12-03,394,4,1993850,1,2,2,122,5
CUST01613,2025-09-22,101,2,356250,2,1,1,211,4
CUST01614,2025-12-08,24,4,546350,4,2,1,421,7
CUST01615,2025-11-12,50,7,2265750,3,3,2,332,8
CUST01616,2024-09-30,458,2,156150,1,1,1,111,3
CUST01617,2025-10-24,69,3,732950,3,1,1,311,5
CUST01618,2025-12-16,16,11,4062650,4,3,3,433,10
CUST01619,2025-12-16,16,3,246200,4,1,1,411,6
CUST01620,2025-11-29,33,6,2540200,4,2,2,422,8
CUST01621,2025-10-02,91,9,1993950,2,3,2,232,7
CUST01622,2025-11-24,38,11,6339150,3,3,4,334,10
CUST01623,2025-07-25,160,8,2763550,1,3,2,132,6
CUST01624,2025-12-25,7,33,16250550,5,5,5,555,15
CUST01625,2025-12-03,29,9,2799200,4,3,2,432,9
CUST01627,2025-12-19,13,14,7672600,5,4,4,544,13
CUST01628,2025-11-29,33,45,12419650,4,5,5,455,14
CUST01629,2025-12-31,1,20,9277250,5,4,4,544,13
CUST01630,2025-04-10,266,6,7672800,1,2,4,124,7
CUST01631,2025-11-21,41,9,3613650,3,3,3,333,9
CUST01632,2025-12-21,11,19,8105850,5,4,4,544,13
CUST01633,2025-12-23,9,20,5701250,5,4,4,544,13
CUST01634,2025-09-25,98,4,475950,2,2,1,221,5
CUST01635,2025-11-22,40,2,210800,3,1,1,311,5
CUST01636,2025-12-18,14,5,2446750,4,2,2,422,8
CUST01637,2025-11-03,59,10,5133450,3,3,3,333,9
CUST01638,2025-11-19,43,24,6510950,3,5,4,354,12
CUST01639,2025-12-13,19,26,11882000,4,5,5,455,14
CUST01640,2025-09-15,108,5,2695000,2,2,2,222,6
CUST01641,2025-10-27,66,9,2950100,3,3,2,332,8
CUST01642,2025-12-28,4,9,1767800,5,3,2,532,10
CUST01643,2024-08-08,511,1,2411100,1,1,2,112,4
CUST01644,2025-12-28,4,60,41219900,5,5,5,555,15
CUST01645,2024-10-23,435,2,619300,1,1,1,111,3
CUST01646,2025-08-30,124,7,2070200,2,3,2,232,7
CUST01647,2025-11-28,34,32,10921100,3,5,5,355,13
CUST01648,2025-12-30,2,13,5834200,5,4,4,544,13
CUST01649,2025-12-01,31,10,2974950,4,3,2,432,9
CUST01650,2024-09-07,481,1,36800,1,1,1,111,3
CUST01651,2025-11-09,53,5,2208150,3,2,2,322,7
CUST01652,2025-12-26,6,15,3597900,5,4,3,543,12
CUST01653,2025-10-17,76,3,507250,2,1,1,211,4
CUST01654,2025-12-13,19,15,5785400,4,4,4,444,12
CUST01655,2024-06-21,559,2,1378700,1,1,2,112,4
CUST01656,2025-05-21,225,2,165000,1,1,1,111,3
CUST01657,2025-11-22,40,16,4914300,3,4,3,343,10
CUST01658,2025-08-25,129,4,1643700,2,2,2,222,6
CUST01659,2025-12-09,23,10,1335650,4,3,2,432,9
CUST01660,2025-10-15,78,9,1858700,2,3,2,232,7
CUST01661,2025-12-13,19,18,10662500,4,4,5,445,13
CUST01662,2025-12-01,31,9,5726400,4,3,4,434,11
CUST01663,2025-04-16,260,6,1967200,1,2,2,122,5
CUST01664,2024-01-05,727,1,168300,1,1,1,111,3
CUST01665,2025-12-31,1,39,31430950,5,5,5,555,15
CUST01666,2025-09-22,101,12,3965450,2,4,3,243,9
CUST01667,2025-07-04,181,13,11642450,1,4,5,145,10
CUST01668,2025-12-27,5,25,14973900,5,5,5,555,15
CUST01669,2025-11-13,49,14,2553700,3,4,2,342,9
CUST01670,2025-11-24,38,20,11604550,3,4,5,345,12
CUST01671,2025-12-30,2,6,8193900,5,2,4,524,11
CUST01672,2025-10-29,64,6,1678500,3,2,2,322,7
CUST01673,2024-05-15,596,1,101500,1,1,1,111,3
CUST01674,2025-12-18,14,18,9936400,4,4,4,444,12
CUST01675,2025-09-08,115,7,3192900,2,3,3,233,8
CUST01676,2025-12-14,18,25,10084500,4,5,4,454,13
CUST01677,2025-05-10,236,10,3335050,1,3,3,133,7
CUST01678,2025-12-28,4,19,9653100,5,4,4,544,13
CUST01679,2025-12-19,13,31,9555850,5,5,4,554,14
CUST01680,2025-12-29,3,10,2379000,5,3,2,532,10
CUST01681,2024-09-09,479,2,2131500,1,1,2,112,4
CUST01683,2024-02-04,697,1,774400,1,1,1,111,3
CUST01684,2025-11-07,55,5,2952650,3,2,2,322,7
CUST01686,2025-12-05,27,8,5781000,4,3,4,434,11
CUST01687,2024-10-11,447,3,664800,1,1,1,111,3
CUST01688,2025-05-07,239,8,1611700,1,3,2,132,6
CUST01690,2025-11-29,33,9,5189300,4,3,3,433,10
CUST01691,2025-10-17,76,35,14956700,2,5,5,255,12
CUST01692,2025-10-04,89,3,1075700,2,1,1,211,4
CUST01693,2025-12-12,20,9,3764550,4,3,3,433,10
CUST01694,2025-11-11,51,10,6485150,3,3,4,334,10
CUST01695,2025-10-08,85,10,4210600,2,3,3,233,8
CUST01696,2025-09-27,96,12,4724600,2,4,3,243,9
CUST01697,2025-11-23,39,14,3174000,3,4,3,343,10
CUST01698,2025-01-14,352,5,4326100,1,2,3,123,6
CUST01699,2025-10-19,74,8,2468200,2,3,2,232,7
CUST01700,2025-12-12,20,19,6906300,4,4,4,444,12
CUST01701,2025-07-27,158,3,2056250,2,1,2,212,5
CUST01702,2025-12-10,22,6,1481000,4,2,2,422,8
CUST01704,2025-10-19,74,15,4513550,2,4,3,243,9
CUST01705,2025-09-11,112,13,4410250,2,4,3,243,9
CUST01706,2025-09-05,118,4,2089650,2,2,2,222,6
CUST01707,2025-12-26,6,23,15567200,5,5,5,555,15
CUST01708,2025-05-22,224,2,402300,1,1,1,111,3
CUST01709,2025-09-08,115,5,5462900,2,2,3,223,7
CUST01710,2025-12-22,10,14,4388500,5,4,3,543,12
CUST01711,2025-06-28,187,8,16604300,1,3,5,135,9
CUST01712,2025-08-04,150,1,1420800,2,1,2,212,5
CUST01713,2025-11-22,40,5,965700,3,2,1,321,6
CUST01714,2025-12-22,10,5,3768350,5,2,3,523,10
CUST01715,2025-12-26,6,26,10537500,5,5,4,554,14
CUST01717,2025-08-28,126,4,2332150,2,2,2,222,6
CUST01718,2025-10-31,62,20,7898850,3,4,4,344,11
CUST01719,2025-11-28,34,21,8846800,3,5,4,354,12
CUST01720,2025-10-21,72,5,3458750,2,2,3,223,7
CUST01721,2025-12-29,3,15,6999500,5,4,4,544,13
CUST01722,2025-12-23,9,13,5733550,5,4,4,544,13
CUST01723,2025-11-28,34,19,19269250,3,4,5,345,12
CUST01724,2025-11-28,34,14,9197050,3,4,4,344,11
CUST01725,2025-09-02,121,11,5715500,2,3,4,234,9
CUST01726,2025-10-19,74,5,784850,2,2,1,221,5
CUST01727,2025-10-25,68,5,1541000,3,2,2,322,7
CUST01728,2025-12-26,6,20,11589950,5,4,5,545,14
CUST01729,2025-12-28,4,61,23953500,5,5,5,555,15
CUST01730,2025-12-28,4,13,4904000,5,4,3,543,12
CUST01731,2025-07-30,155,6,2756600,2,2,2,222,6
CUST01732,2025-04-08,268,3,225600,1,1,1,111,3
CUST01733,2025-12-10,22,18,10295150,4,4,4,444,12
CUST01734,2025-10-25,68,1,883200,3,1,1,311,5
CUST01735,2025-11-29,33,18,6780950,4,4,4,444,12
CUST01736,2025-12-15,17,17,4218500,4,4,3,443,11
CUST01737,2025-11-04,58,5,1590050,3,2,2,322,7
CUST01738,2025-06-28,187,9,1626150,1,3,2,132,6
CUST01739,2025-11-16,46,3,1232600,3,1,2,312,6
CUST01740,2025-12-02,30,1,168000,4,1,1,411,6
CUST01741,2025-11-27,35,15,7091750,3,4,4,344,11
CUST01742,2025-12-08,24,19,8199750,4,4,4,444,12
CUST01743,2025-09-21,102,4,6707700,2,2,4,224,8
CUST01744,2025-12-24,8,48,16338950,5,5,5,555,15
CUST01745,2025-09-22,101,6,1921050,2,2,2,222,6
CUST01746,2024-08-31,488,1,166500,1,1,1,111,3
CUST01747,2025-10-13,80,22,10997500,2,5,5,255,12
CUST01748,2025-11-30,32,22,8526050,4,5,4,454,13
CUST01749,2025-12-03,29,22,9762550,4,5,4,454,13
CUST01751,2025-11-20,42,12,4655400,3,4,3,343,10
CUST01752,2025-11-30,32,19,8810900,4,4,4,444,12
CUST01753,2025-11-20,42,4,5021900,3,2,3,323,8
CUST01754,2025-12-30,2,23,4337200,5,5,3,553,13
CUST01755,2025-10-18,75,10,4841250,2,3,3,233,8
CUST01756,2025-02-26,309,4,1077400,1,2,1,121,4
CUST01757,2025-12-12,20,11,2762650,4,3,2,432,9
CUST01758,2024-04-12,629,2,618800,1,1,1,111,3
CUST01759,2025-11-24,38,11,6106550,3,3,4,334,10
CUST01760,2025-12-12,20,35,21083850,4,5,5,455,14
CUST01761,2025-05-05,241,9,12858300,1,3,5,135,9
CUST01762,2025-09-26,97,9,4473800,2,3,3,233,8
CUST01763,2025-11-07,55,4,2691750,3,2,2,322,7
CUST01764,2025-10-20,73,6,1309400,2,2,2,222,6
CUST01765,2025-12-06,26,9,7123600,4,3,4,434,11
CUST01766,2025-11-24,38,2,616000,3,1,1,311,5
CUST01767,2024-05-30,581,2,256800,1,1,1,111,3
CUST01768,2025-12-25,7,24,12065100,5,5,5,555,15
CUST01769,2025-07-17,168,2,552750,1,1,1,111,3
CUST01770,2025-12-23,9,11,2031550,5,3,2,532,10
CUST01771,2025-12-29,3,61,28248000,5,5,5,555,15
CUST01772,2025-09-05,118,13,15433300,2,4,5,245,11
CUST01773,2024-07-01,549,1,256700,1,1,1,111,3
CUST01774,2025-12-25,7,30,6435500,5,5,4,554,14
CUST01775,2025-12-20,12,22,12558250,5,5,5,555,15
CUST01776,2025-01-12,354,2,1524400,1,1,2,112,4
CUST01777,2025-11-14,48,6,3926650,3,2,3,323,8
CUST01778,2025-11-20,42,43,12779250,3,5,5,355,13
CUST01779,2024-07-31,519,1,449400,1,1,1,111,3
CUST01780,2025-12-26,6,44,22396700,5,5,5,555,15
CUST01781,2025-12-24,8,15,6238400,5,4,4,544,13
CUST01782,2025-11-27,35,18,7166850,3,4,4,344,11
CUST01783,2025-11-02,60,13,6196650,3,4,4,344,11
CUST01784,2025-12-02,30,10,3326100,4,3,3,433,10
CUST01785,2025-12-28,4,39,26604700,5,5,5,555,15
CUST01786,2025-09-20,103,8,8528050,2,3,4,234,9
CUST01787,2025-10-07,86,1,54000,2,1,1,211,4
CUST01788,2025-07-07,178,11,6187000,1,3,4,134,8
CUST01789,2025-10-13,80,3,1290300,2,1,2,212,5
CUST01790,2025-12-18,14,42,14898000,4,5,5,455,14
CUST01791,2025-05-24,222,15,6995250,1,4,4,144,9
CUST01792,2025-11-09,53,13,3237600,3,4,3,343,10
CUST01793,2025-12-31,1,11,4635650,5,3,3,533,11
CUST01794,2025-08-19,135,8,3518650,2,3,3,233,8
CUST01795,2025-01-05,361,2,1066500,1,1,1,111,3
CUST01796,2025-12-19,13,30,9411250,5,5,4,554,14
CUST01797,2025-12-11,21,22,7688350,4,5,4,454,13
CUST01798,2024-12-31,366,5,788450,1,2,1,121,4
CUST01799,2025-11-26,36,16,11746850,3,4,5,345,12
CUST01800,2025-12-17,15,20,2945200,4,4,2,442,10
CUST01801,2025-11-18,44,19,10302050,3,4,4,344,11
CUST01802,2025-12-30,2,40,20745350,5,5,5,555,15
CUST01803,2025-12-21,11,24,20682750,5,5,5,555,15
CUST01804,2025-12-10,22,20,7132500,4,4,4,444,12
CUST01805,2025-10-14,79,4,138750,2,2,1,221,5
CUST01806,2025-08-19,135,8,1343900,2,3,2,232,7
CUST01807,2025-11-29,33,20,12967700,4,4,5,445,13
CUST01808,2025-12-19,13,31,16145650,5,5,5,555,15
CUST01809,2025-11-30,32,62,26700250,4,5,5,455,14
CUST01810,2025-11-18,44,9,2873700,3,3,2,332,8
CUST01811,2025-11-24,38,12,2942000,3,4,2,342,9
CUST01812,2025-12-27,5,1,74000,5,1,1,511,7
CUST01813,2025-12-29,3,54,31150200,5,5,5,555,15
CUST01814,2025-12-19,13,14,6797500,5,4,4,544,13
CUST01815,2025-11-13,49,48,19084400,3,5,5,355,13
CUST01816,2025-03-11,296,1,270300,1,1,1,111,3
CUST01817,2025-09-07,116,8,4036350,2,3,3,233,8
CUST01818,2025-12-25,7,4,468950,5,2,1,521,8
CUST01819,2025-12-27,5,31,24808300,5,5,5,555,15
CUST01820,2025-12-23,9,17,7513650,5,4,4,544,13
CUST01821,2025-11-30,32,14,6822450,4,4,4,444,12
CUST01822,2025-12-01,31,9,1848000,4,3,2,432,9
CUST01823,2025-11-30,32,13,9971350,4,4,4,444,12
CUST01824,2025-12-26,6,21,9334050,5,5,4,554,14
CUST01825,2025-12-09,23,11,3354100,4,3,3,433,10
CUST01826,2025-04-16,260,4,7772800,1,2,4,124,7
CUST01827,2025-08-11,143,2,699750,2,1,1,211,4
CUST01828,2025-11-29,33,22,8270000,4,5,4,454,13
CUST01829,2025-11-16,46,13,12009350,3,4,5,345,12
CUST01830,2025-11-01,61,32,18345150,3,5,5,355,13
CUST01832,2025-11-27,35,20,6714400,3,4,4,344,11
CUST01833,2025-12-29,3,13,5442300,5,4,3,543,12
CUST01834,2025-11-11,51,3,889550,3,1,1,311,5
CUST01835,2025-12-27,5,19,4205100,5,4,3,543,12
CUST01836,2025-09-01,122,7,5679100,2,3,3,233,8
CUST01837,2025-11-22,40,7,1728250,3,3,2,332,8
CUST01838,2025-12-31,1,31,10763450,5,5,5,555,15
CUST01839,2025-12-23,9,38,23051450,5,5,5,555,15
CUST01840,2025-12-22,10,45,9625900,5,5,4,554,14
CUST01841,2025-05-03,243,1,210600,1,1,1,111,3
CUST01842,2025-11-24,38,22,13312950,3,5,5,355,13
CUST01843,2024-09-27,461,1,106500,1,1,1,111,3
CUST01844,2025-05-01,245,4,1153950,1,2,1,121,4
CUST01845,2025-12-31,1,4,1965600,5,2,2,522,9
CUST01846,2025-12-23,9,12,9922650,5,4,4,544,13
CUST01847,2025-08-10,144,18,4515900,2,4,3,243,9
CUST01848,2025-11-02,60,3,800800,3,1,1,311,5
CUST01849,2025-10-12,81,1,739200,2,1,1,211,4
CUST01850,2025-10-16,77,6,6581400,2,2,4,224,8
CUST01851,2025-12-21,11,32,15194500,5,5,5,555,15
CUST01852,2025-10-25,68,19,4528900,3,4,3,343,10
CUST01853,2025-04-11,265,2,609800,1,1,1,111,3
CUST01854,2025-12-18,14,7,3152100,4,3,3,433,10
CUST01855,2025-08-11,143,6,3132650,2,2,3,223,7
CUST01856,2025-12-07,25,56,40596000,4,5,5,455,14
CUST01857,2025-12-07,25,7,2811750,4,3,2,432,9
CUST01858,2025-12-21,11,9,3420700,5,3,3,533,11
CUST01859,2025-12-23,9,41,22080400,5,5,5,555,15
CUST01860,2025-12-29,3,21,12266150,5,5,5,555,15
CUST01861,2025-12-13,19,11,20662050,4,3,5,435,12
CUST01862,2024-08-26,493,1,106200,1,1,1,111,3
CUST01863,2025-12-11,21,21,11492600,4,5,5,455,14
CUST01864,2025-04-06,270,3,397100,1,1,1,111,3
CUST01865,2025-11-26,36,7,5557600,3,3,3,333,9
CUST01866,2025-10-24,69,14,3977300,3,4,3,343,10
CUST01867,2025-11-03,59,1,136800,3,1,1,311,5
CUST01868,2025-11-07,55,10,4970800,3,3,3,333,9
CUST01869,2025-10-28,65,18,15977200,3,4,5,345,12
CUST01870,2025-11-24,38,16,4734200,3,4,3,343,10
CUST01871,2025-12-17,15,23,9938850,4,5,4,454,13
CUST01872,2025-07-20,165,4,1123000,1,2,1,121,4
CUST01873,2025-08-13,141,4,2226250,2,2,2,222,6
CUST01874,2025-11-29,33,5,2285800,4,2,2,422,8
CUST01875,2025-11-15,47,41,18433050,3,5,5,355,13
CUST01876,2025-11-14,48,7,3506550,3,3,3,333,9
CUST01877,2025-12-24,8,30,17358450,5,5,5,555,15
CUST01878,2025-12-22,10,23,7317750,5,5,4,554,14
CUST01879,2025-12-29,3,53,24251500,5,5,5,555,15
CUST01881,2025-09-26,97,14,17640650,2,4,5,245,11
CUST01882,2025-12-07,25,9,3002100,4,3,2,432,9
CUST01883,2025-11-07,55,6,1497300,3,2,2,322,7
CUST01884,2025-12-20,12,24,7012800,5,5,4,554,14
CUST01885,2025-05-29,217,4,514600,1,2,1,121,4
CUST01886,2025-09-08,115,6,1997950,2,2,2,222,6
CUST01888,2025-12-08,24,4,581500,4,2,1,421,7
CUST01889,2025-12-06,26,25,10753700,4,5,5,455,14
CUST01890,2025-12-16,16,19,5201500,4,4,3,443,11
CUST01891,2025-11-27,35,12,4817200,3,4,3,343,10
CUST01892,2025-10-29,64,21,7039900,3,5,4,354,12
CUST01893,2025-12-26,6,5,4029950,5,2,3,523,10
CUST01894,2025-12-27,5,34,12700750,5,5,5,555,15
CUST01895,2024-12-26,371,3,734750,1,1,1,111,3
CUST01896,2025-10-16,77,10,10960900,2,3,5,235,10
CUST01897,2025-10-25,68,10,2550700,3,3,2,332,8
CUST01898,2025-12-14,18,24,7851200,4,5,4,454,13
CUST01899,2025-12-28,4,4,3442000,5,2,3,523,10
CUST01900,2025-10-06,87,8,1496900,2,3,2,232,7
CUST01901,2025-01-26,340,2,1171250,1,1,1,111,3
CUST01902,2025-12-17,15,33,13963900,4,5,5,455,14
CUST01903,2025-11-28,34,20,11762550,3,4,5,345,12
CUST01904,2025-11-28,34,18,12105500,3,4,5,345,12
CUST01905,2025-12-13,19,16,6038100,4,4,4,444,12
CUST01906,2024-09-13,475,1,357000,1,1,1,111,3
CUST01907,2025-12-24,8,18,11165500,5,4,5,545,14
CUST01908,2025-11-04,58,6,2235800,3,2,2,322,7
CUST01909,2025-10-12,81,3,287000,2,1,1,211,4
CUST01911,2025-11-20,42,10,8944650,3,3,4,334,10
CUST01912,2025-11-02,60,11,3455300,3,3,3,333,9
CUST01914,2025-11-27,35,17,16943950,3,4,5,345,12
CUST01915,2025-12-23,9,20,11245650,5,4,5,545,14
CUST01916,2025-12-19,13,19,10009350,4,4,4,444,12
CUST01917,2025-11-08,54,15,5606200,3,4,3,343,10
CUST01918,2025-07-09,176,10,6810850,1,3,4,134,8
CUST01919,2025-11-29,33,17,6776350,4,4,4,444,12
CUST01920,2025-10-29,64,9,8803100,3,3,4,334,10
CUST01921,2025-11-12,50,2,341050,3,1,1,311,5
CUST01922,2024-11-02,425,6,1260100,1,2,2,122,5
CUST01923,2025-12-09,23,14,3996300,4,4,3,443,11
CUST01924,2025-11-10,52,7,1989700,3,3,2,332,8
CUST01925,2025-04-09,267,4,901750,1,2,1,121,4
CUST01926,2025-07-02,183,4,9910100,1,2,4,124,7
CUST01927,2025-12-04,28,6,3167750,4,2,3,423,9
CUST01928,2025-11-17,45,11,11946750,3,3,5,335,11
CUST01929,2025-09-26,97,24,11007750,2,5,5,255,12
CUST01930,2025-12-25,7,30,11892700,5,5,5,555,15
CUST01931,2025-12-23,9,48,26217400,5,5,5,555,15
CUST01932,2025-12-13,19,5,6458750,4,2,4,424,10
CUST01934,2025-11-21,41,4,5021600,3,2,3,323,8
CUST01935,2025-12-16,16,16,7686450,4,4,4,444,12
CUST01936,2025-12-20,12,12,5694300,5,4,3,543,12
CUST01937,2025-12-18,14,68,35537000,4,5,5,455,14
CUST01938,2025-11-23,39,20,7344600,3,4,4,344,11
CUST01939,2025-10-02,91,3,509700,2,1,1,211,4
CUST01940,2025-12-22,10,35,18186000,5,5,5,555,15
CUST01941,2025-07-26,159,1,124200,1,1,1,111,3
CUST01942,2025-02-09,326,4,3093200,1,2,3,123,6
CUST01943,2025-09-25,98,2,367200,2,1,1,211,4
CUST01944,2025-11-29,33,25,13089200,4,5,5,455,14
CUST01945,2025-08-12,142,12,7291300,2,4,4,244,10
CUST01946,2025-11-08,54,9,3607650,3,3,3,333,9
CUST01947,2025-12-06,26,2,442400,4,1,1,411,6
CUST01948,2025-12-16,16,11,5239450,4,3,3,433,10
CUST01949,2025-12-09,23,68,35547800,4,5,5,455,14
CUST01950,2025-10-01,92,7,4629500,2,3,3,233,8
CUST01951,2024-08-24,495,1,261000,1,1,1,111,3
CUST01952,2025-11-20,42,15,3722200,3,4,3,343,10
CUST01953,2025-12-07,25,22,7783300,4,5,4,454,13
CUST01954,2025-08-21,133,9,4363400,2,3,3,233,8
CUST01955,2024-10-07,451,1,666000,1,1,1,111,3
CUST01956,2025-06-21,194,5,8086950,1,2,4,124,7
CUST01957,2025-12-21,11,9,11274050,5,3,5,535,13
CUST01958,2025-09-01,122,7,5524000,2,3,3,233,8
CUST01959,2025-07-24,161,3,3673700,1,1,3,113,5
CUST01961,2025-11-04,58,9,3418550,3,3,3,333,9
CUST01962,2025-12-27,5,14,4957300,5,4,3,543,12
CUST01963,2025-12-18,14,5,2620250,4,2,2,422,8
CUST01964,2025-12-23,9,30,15632600,5,5,5,555,15
CUST01965,2025-12-03,29,5,1376400,4,2,2,422,8
CUST01966,2025-12-15,17,23,5739950,4,5,4,454,13
CUST01967,2025-12-13,19,22,5257350,4,5,3,453,12
CUST01968,2025-10-10,83,2,1087300,2,1,1,211,4
CUST01969,2025-10-19,74,43,16208100,2,5,5,255,12
CUST01970,2025-12-20,12,16,7285050,5,4,4,544,13
CUST01971,2025-09-17,106,26,10455700,2,5,4,254,11
CUST01972,2025-11-07,55,17,4680050,3,4,3,343,10
CUST01973,2025-10-09,84,3,868500,2,1,1,211,4
CUST01974,2025-12-08,24,37,14923050,4,5,5,455,14
CUST01975,2025-12-12,20,18,4958550,4,4,3,443,11
CUST01976,2025-07-30,155,9,2743550,2,3,2,232,7
CUST01977,2025-11-30,32,21,12986700,4,5,5,455,14
CUST01978,2025-12-19,13,37,18570750,4,5,5,455,14
CUST01979,2025-12-28,4,28,9856500,5,5,4,554,14
CUST01980,2025-09-30,93,6,4664950,2,2,3,223,7
CUST01981,2025-01-01,365,3,1997400,1,1,2,112,4
CUST01982,2025-11-18,44,13,2875350,3,4,2,342,9
CUST01983,2025-10-12,81,15,3280550,2,4,3,243,9
CUST01984,2025-11-16,46,3,394000,3,1,1,311,5
CUST01985,2025-12-11,21,11,3464950,4,3,3,433,10
CUST01986,2025-12-23,9,16,9689300,5,4,4,544,13
CUST01987,2025-08-26,128,9,1811200,2,3,2,232,7
CUST01988,2025-11-13,49,13,9399350,3,4,4,344,11
CUST01989,2025-11-14,48,5,1347950,3,2,2,322,7
CUST01990,2025-12-20,12,6,5287150,5,2,3,523,10
CUST01991,2025-08-12,142,14,6790950,2,4,4,244,10
CUST01992,2025-10-30,63,5,3082500,3,2,3,323,8
CUST01993,2025-10-07,86,9,4843400,2,3,3,233,8
CUST01994,2025-12-23,9,2,1803000,5,1,2,512,8
CUST01995,2025-12-12,20,38,16187700,4,5,5,455,14
CUST01996,2025-07-12,173,6,4294400,1,2,3,123,6
CUST01997,2025-11-26,36,16,3834300,3,4,3,343,10
CUST01998,2025-12-04,28,40,15167000,4,5,5,455,14
CUST01999,2025-09-18,105,15,4454850,2,4,3,243,9
CUST02000,2025-12-19,13,32,20015600,4,5,5,455,14
